date,State1,0,1,2,3,4,5,6,7,8,9,10,11,12,13,14,15,16,17,18,19,20,21,22,23,24,25,26,27,28,29,30,31,32,33,34,35,36,37,38,39,40,41,42,43,44,45,46,47,48,49,50,51,52,53,54,55,56,57,58,59,60,61,62,63,64,65,66,67,68,69,70,71,72,73,74,75,76,77,78,79,80,81,82,83,84,85,86,87,88,89,90,91,92,93,94,95,96,97,98,99
2018-10-01,108,4,3,1,2,0,0,1,2,0,3,2,0,1,3,2,3,0,1,1,4,0,0,3,1,1,0,2,0,1,0,0,0,1,2,2,2,2,0,1,0,0,0,0,0,1,0,1,0,2,2,2,0,0,1,0,0,0,0,1,1,3,1,0,1,1,1,0,0,0,0,2,0,0,1,0,1,0,1,1,1,1,0,1,0,1,2,0,0,0,0,0,1,0,0,0,0,2,0,1,0
2018-10-06,97,2,1,2,1,2,2,0,1,1,1,2,0,1,0,0,3,1,4,1,0,1,1,2,1,1,0,0,1,2,0,0,0,1,2,0,2,1,1,1,0,1,0,0,1,1,2,1,2,2,1,0,1,0,0,0,1,0,0,0,2,1,1,0,2,0,0,0,0,0,1,0,2,0,0,0,1,0,2,0,2,1,0,0,0,1,0,0,0,0,1,0,0,1,0,1,1,0,0,0,0
2018-10-11,90,4,2,1,1,0,2,3,0,0,0,0,0,3,2,1,0,0,2,1,2,0,2,1,1,2,0,1,1,2,1,1,0,0,1,0,1,0,0,1,0,0,0,0,0,0,1,1,1,3,0,0,0,0,0,0,1,0,0,2,3,0,0,0,0,0,0,1,0,0,0,0,0,0,1,0,1,0,1,2,3,2,0,1,0,1,0,0,0,0,1,0,0,0,1,0,0,0,0,0,0
2018-10-16,112,3,2,2,0,0,4,7,2,1,2,2,0,1,1,1,4,0,1,2,1,1,1,0,3,0,1,3,0,2,0,0,2,1,1,2,2,0,1,0,1,0,0,0,0,0,0,1,0,1,1,0,0,0,0,1,0,0,0,1,1,0,1,0,3,0,0,1,1,0,2,0,1,0,0,2,2,0,0,2,2,0,0,0,0,1,1,0,0,0,0,0,0,2,0,2,0,0,0,1,0
2018-10-21,114,2,3,3,0,0,3,0,1,1,4,1,2,0,1,3,3,0,0,0,1,5,1,0,2,2,1,2,0,1,2,0,1,1,0,1,1,0,1,0,1,0,0,1,1,2,1,4,1,2,1,0,0,0,3,0,0,1,1,2,0,0,1,0,1,1,0,0,1,0,1,0,0,0,0,0,1,0,3,1,1,1,0,0,0,1,1,1,1,0,1,0,0,1,1,2,0,0,0,2,0
2018-10-26,113,0,1,1,0,1,1,0,1,3,1,1,0,2,0,3,0,1,2,2,0,1,0,2,3,0,3,1,0,1,1,1,1,0,1,2,1,1,0,0,0,0,0,0,1,1,0,0,1,0,1,2,0,1,0,0,1,0,1,1,1,1,2,0,2,1,1,1,0,0,2,0,1,0,0,1,0,0,1,1,0,0,0,1,0,0,1,0,0,0,0,1,0,1,1,1,1,1,1,2,0
2018-10-31,92,1,1,2,2,0,1,1,0,2,5,0,0,2,0,2,2,1,0,3,1,1,0,1,3,0,0,2,1,2,1,0,0,1,1,4,3,0,0,1,0,1,0,0,0,1,1,0,1,0,2,0,0,0,0,0,1,0,0,0,3,3,1,2,0,0,0,0,0,0,0,0,2,0,1,0,0,0,0,1,1,2,0,1,0,0,1,0,3,0,0,0,0,0,1,0,0,0,1,0,1
2018-11-05,126,3,4,0,2,0,3,1,0,1,1,1,0,0,1,0,0,0,2,0,1,2,1,0,2,1,2,2,1,1,1,0,2,4,0,1,0,1,2,0,0,1,1,0,1,1,0,2,2,1,2,0,0,0,0,0,1,1,1,1,3,1,0,0,1,0,2,2,0,0,2,0,2,0,0,0,1,0,2,1,1,1,2,0,0,0,1,1,0,0,0,3,0,2,0,1,2,1,0,0,0
2018-11-10,98,0,0,2,2,0,0,0,1,0,2,3,1,1,0,2,4,1,0,2,2,1,0,2,0,0,0,1,0,0,3,0,0,1,0,1,0,1,2,1,0,0,1,1,0,1,1,2,2,1,1,0,0,0,1,0,1,0,0,1,1,1,0,0,1,0,1,3,0,0,1,0,0,1,0,0,0,0,3,1,1,2,1,1,0,0,1,0,1,0,1,0,1,2,0,0,0,0,1,0,0
2018-11-15,113,3,3,2,4,1,4,1,1,0,1,0,1,4,1,3,2,2,2,2,3,0,1,0,2,1,2,1,0,1,0,0,1,2,0,0,1,0,2,2,0,0,0,0,1,1,0,2,2,0,0,0,1,0,0,0,0,1,0,0,1,2,1,0,2,0,0,0,0,0,0,1,0,0,0,3,0,1,2,0,1,1,0,1,0,0,0,1,2,0,1,0,0,3,0,0,1,0,0,0,1
2018-11-20,181,4,2,3,3,3,4,7,4,2,0,2,1,4,2,3,2,2,1,1,1,4,4,1,3,2,2,4,0,2,3,1,2,2,3,5,2,1,0,4,2,0,0,0,2,1,1,2,1,1,2,1,1,0,1,0,1,0,0,0,2,0,1,0,0,1,0,1,2,1,0,1,1,0,0,3,0,0,2,0,2,1,0,0,0,1,1,2,2,2,0,0,0,3,0,1,0,0,0,0,0
2018-11-25,167,3,7,1,3,0,7,2,1,2,6,2,0,0,3,2,2,1,2,4,2,1,1,1,1,1,2,3,3,1,1,2,2,0,1,1,2,1,2,3,1,1,1,0,3,0,0,3,4,1,1,0,1,0,1,0,1,1,0,1,1,3,2,0,0,0,0,1,1,0,0,1,1,0,0,0,1,1,2,1,0,0,3,2,0,0,1,3,2,0,3,0,0,0,0,0,0,0,0,0,2
2018-11-30,147,2,4,2,1,1,1,2,2,1,1,5,1,2,3,2,1,0,2,2,1,1,3,1,3,4,1,1,0,3,2,0,2,1,2,2,0,0,0,0,2,2,0,0,1,2,3,1,1,2,3,0,2,1,1,0,2,0,0,2,4,0,0,0,0,0,0,1,1,1,0,1,0,0,0,1,1,0,1,2,2,0,0,0,0,0,2,0,1,0,2,1,1,1,0,0,1,1,0,0,1
2018-12-05,129,2,4,1,4,0,3,3,4,1,2,0,0,2,0,6,3,0,2,0,5,1,3,0,4,0,1,2,0,1,1,0,0,2,3,2,1,0,1,3,0,4,0,0,1,0,4,1,3,0,1,1,0,0,1,0,1,0,0,0,3,1,1,0,1,1,0,0,0,0,1,1,1,0,0,1,0,0,1,2,1,2,0,0,0,0,0,0,2,1,1,1,0,1,0,1,0,1,0,0,0
2018-12-10,134,2,2,5,0,0,2,1,2,0,0,3,1,2,3,0,2,1,1,1,0,4,2,2,2,2,0,2,0,2,2,0,1,3,1,1,0,0,0,2,0,1,0,0,0,2,1,1,0,2,3,1,0,1,1,0,2,1,0,1,1,0,2,0,2,1,0,0,0,1,0,0,3,0,0,4,2,0,1,1,1,1,0,0,0,0,1,0,2,2,0,1,0,1,0,1,0,0,0,1,1
2018-12-15,104,4,4,2,2,2,3,2,1,1,7,2,0,1,2,2,1,1,2,1,0,0,1,0,1,1,0,3,0,0,2,0,1,0,0,1,0,0,0,1,0,0,0,0,0,1,0,1,1,0,2,0,0,1,1,0,1,0,0,0,1,0,0,1,0,1,1,0,0,0,2,0,1,0,0,1,1,0,2,3,1,2,0,0,0,0,1,0,0,0,0,0,0,2,2,0,0,0,0,2,0
2018-12-20,64,3,2,1,0,0,0,3,1,0,4,1,0,0,0,1,0,1,2,0,2,2,1,0,0,0,0,2,0,1,0,1,0,3,1,1,0,0,0,2,0,1,1,0,1,0,0,0,1,1,0,0,0,0,0,0,0,0,0,2,0,0,0,1,1,0,1,0,1,0,1,0,1,0,0,0,1,0,1,0,0,0,0,1,0,0,0,0,0,0,1,0,0,0,0,2,0,0,0,0,0
2018-12-25,72,3,2,1,0,1,5,1,2,1,0,2,0,0,0,0,2,0,1,0,1,0,1,0,0,1,0,1,1,0,1,0,0,0,2,1,0,0,0,0,0,0,1,0,0,0,0,2,2,1,2,0,0,0,0,0,0,3,0,0,0,0,0,0,3,0,1,0,0,0,1,0,0,0,0,0,0,0,1,0,0,0,0,0,0,1,1,0,1,1,1,0,1,1,0,1,0,0,0,0,0
2018-12-30,71,2,0,1,1,0,2,3,2,1,2,1,0,0,1,1,1,0,0,2,2,1,1,1,1,1,0,0,1,1,0,0,1,1,0,0,1,0,0,0,1,1,0,0,0,0,0,3,2,0,2,0,0,0,1,0,0,1,0,0,3,1,0,0,0,2,0,0,0,0,0,0,1,0,1,0,0,0,0,0,1,1,0,1,0,0,0,0,1,0,0,0,0,0,1,1,0,0,0,0,0
2019-01-04,126,6,4,4,1,1,5,2,0,1,2,2,0,1,1,1,5,0,0,1,1,1,1,0,2,0,0,2,0,2,2,1,0,1,0,1,1,1,0,0,0,3,0,0,2,1,3,2,1,1,3,0,0,1,1,0,0,1,1,1,2,0,0,0,0,0,1,1,0,0,0,0,0,0,1,0,1,0,2,1,3,0,2,0,0,0,1,1,2,0,0,0,0,2,2,1,0,0,0,0,1
2019-01-09,114,1,1,3,0,1,4,0,0,0,3,1,1,3,0,1,3,0,0,0,3,0,1,1,1,1,0,1,0,0,1,0,2,1,1,3,1,2,0,2,1,1,0,0,2,2,0,2,3,1,1,0,0,1,0,0,1,0,0,2,1,1,0,0,0,2,3,0,1,1,0,1,1,0,0,1,0,0,1,0,1,0,0,1,0,0,0,1,6,0,0,0,1,0,0,3,0,0,0,1,0
2019-01-14,50,1,1,1,0,0,3,0,0,3,1,2,0,3,0,0,0,0,2,0,1,0,0,0,0,0,0,0,0,0,1,0,1,0,1,3,0,0,1,0,0,1,0,0,0,0,0,0,0,0,2,1,1,0,3,0,0,0,0,0,0,1,0,0,0,1,0,0,0,0,0,0,1,0,0,0,0,0,0,0,0,0,0,0,0,0,0,1,0,1,0,0,1,1,0,1,1,0,0,0,0
2019-01-19,54,1,2,1,0,0,2,2,0,0,2,1,0,1,0,1,1,0,0,0,0,2,1,0,0,2,0,0,0,0,1,0,2,0,0,3,1,0,0,0,0,2,0,0,0,0,0,0,0,0,1,0,0,0,0,0,0,0,0,0,1,1,1,1,1,0,0,1,0,0,0,0,0,0,0,1,0,0,1,1,0,0,0,0,0,0,0,1,1,0,1,0,0,0,2,1,1,0,0,0,0
2019-01-24,47,1,1,1,0,0,0,0,1,2,3,2,0,0,1,1,0,0,0,1,0,0,1,1,1,0,0,0,0,0,0,0,1,0,0,0,0,1,0,0,0,0,0,0,0,0,1,0,0,1,0,0,0,0,0,0,1,2,0,0,0,0,2,0,1,0,0,0,1,0,0,2,0,0,0,0,0,0,1,1,0,0,0,0,0,0,0,0,1,0,2,0,0,0,1,1,1,0,0,0,0
2019-01-29,43,0,3,0,2,0,2,1,0,1,0,2,0,1,2,0,1,0,0,0,1,3,0,1,0,0,0,0,0,0,1,0,0,1,0,1,1,0,0,1,0,0,0,0,0,1,0,1,2,0,0,0,0,1,0,0,0,0,0,0,0,1,0,0,0,0,0,0,0,0,0,0,0,0,0,0,2,0,0,0,0,0,0,0,0,0,0,0,0,0,0,0,0,0,0,0,0,0,0,0,0
2019-02-03,45,0,0,1,0,2,1,1,0,2,2,0,0,0,1,1,0,0,0,0,1,1,0,0,0,1,1,0,0,1,1,0,0,0,0,1,0,1,0,2,0,1,0,0,0,2,1,0,1,0,1,0,0,0,0,0,1,0,0,0,0,1,0,0,0,0,1,0,0,0,0,0,0,0,0,0,0,0,0,0,0,1,0,0,0,0,0,0,1,0,0,0,1,0,0,1,0,1,1,1,0
2019-02-08,54,0,2,0,1,0,1,3,1,1,0,0,0,0,1,0,2,0,0,1,0,1,1,0,1,2,0,2,0,0,0,0,0,1,0,0,2,1,0,1,1,0,0,0,0,0,0,2,0,0,0,0,0,0,0,0,0,0,0,1,1,0,0,0,1,0,0,0,0,0,0,0,0,0,0,0,0,0,3,0,0,1,0,0,0,0,1,0,1,0,0,1,0,1,0,0,0,0,0,0,1
2019-02-13,33,1,0,0,0,0,1,0,0,0,0,0,0,0,0,1,1,1,0,1,1,0,0,0,1,1,0,0,0,1,0,0,0,0,2,0,0,1,0,0,0,1,0,0,0,1,0,0,0,0,0,0,0,0,0,0,2,0,0,0,1,1,1,0,0,0,0,0,0,0,0,0,1,0,1,0,1,0,0,1,0,0,0,0,0,0,0,0,0,0,0,0,0,0,0,0,0,0,0,1,0
2019-02-18,50,1,1,0,0,0,2,0,1,0,1,0,0,2,0,1,0,0,1,1,0,2,0,0,1,1,1,2,0,0,2,0,0,1,1,3,0,0,0,0,0,0,0,0,0,1,0,1,0,1,0,0,0,0,0,0,0,0,0,0,1,2,0,0,1,0,1,0,1,0,0,0,0,0,0,0,2,0,0,0,1,0,1,0,0,0,0,0,0,0,0,0,0,0,0,0,0,0,0,1,0
2019-02-23,44,2,0,0,0,1,2,0,1,0,3,1,0,0,0,1,3,2,0,0,2,0,0,1,0,0,0,0,0,0,0,0,0,0,0,2,0,0,0,0,0,0,0,0,1,0,0,0,1,0,0,0,0,0,0,0,0,0,0,1,0,1,0,0,0,0,0,0,0,0,0,0,0,0,0,0,0,0,1,1,0,0,0,0,0,0,0,0,0,1,1,0,0,0,0,1,0,0,0,0,0
2019-02-28,35,2,1,0,1,1,1,1,1,1,0,1,1,0,1,0,1,0,0,0,1,0,1,1,1,0,0,0,0,1,0,1,0,0,0,1,0,0,0,0,0,1,0,0,1,1,1,0,0,0,0,0,0,0,0,0,0,0,0,0,1,1,0,0,0,0,0,0,0,0,0,0,1,0,0,0,1,0,0,0,0,0,0,0,0,0,1,0,0,0,0,0,0,0,0,0,0,0,0,0,0
2019-03-05,58,2,0,1,1,0,2,3,0,0,0,0,1,3,1,1,0,0,0,3,1,0,0,3,0,2,0,1,1,0,0,0,0,2,0,2,0,0,0,0,1,0,0,0,0,1,0,1,1,0,0,0,0,0,3,0,0,1,0,0,0,0,0,0,1,1,0,0,0,1,0,0,0,0,0,1,1,0,0,2,1,0,0,0,0,0,0,0,1,0,0,0,0,1,1,0,0,0,0,0,0
2019-03-10,58,3,1,0,0,0,3,1,0,1,2,1,1,0,0,2,0,1,1,1,0,0,2,0,2,0,0,0,0,0,1,0,1,0,0,1,0,0,0,0,0,0,0,0,0,1,0,0,0,0,1,1,0,0,0,0,1,0,0,2,1,0,1,0,1,1,1,0,0,0,0,0,0,0,0,1,1,0,0,0,0,0,1,1,0,0,0,1,0,0,0,0,1,0,0,0,0,0,0,0,0
2019-03-15,55,1,1,0,1,0,0,0,0,2,1,0,0,2,1,1,1,0,2,0,1,0,1,0,0,0,1,0,0,0,0,0,1,0,0,3,0,1,0,2,0,3,0,0,1,1,0,0,1,3,1,0,0,2,0,0,0,0,0,0,0,0,0,0,0,0,1,0,1,0,0,0,0,0,1,0,0,0,0,0,1,0,0,0,0,0,0,1,0,0,2,1,0,1,0,0,0,0,0,0,1
2019-03-20,58,0,4,0,3,0,0,2,0,1,3,1,0,2,0,0,2,0,3,0,0,2,0,0,0,0,1,0,0,1,0,0,0,0,2,2,0,0,0,0,0,0,0,0,1,0,0,0,0,1,0,0,0,0,0,0,1,0,0,0,0,0,0,0,0,1,0,0,2,0,3,0,0,0,0,0,0,0,0,1,0,0,1,0,0,0,0,0,2,0,0,0,0,0,0,0,0,1,0,1,0
2019-03-25,63,1,2,0,2,0,1,1,1,0,1,0,0,0,1,1,1,0,1,1,3,0,0,0,0,0,1,1,0,0,0,0,1,0,0,0,0,0,0,1,0,0,1,0,0,1,0,1,0,0,1,0,0,1,0,0,0,0,0,0,0,1,1,1,0,0,1,0,2,0,0,0,1,0,1,2,0,0,1,0,0,0,1,1,0,0,0,2,0,0,1,0,0,1,0,0,1,0,1,0,1
2019-03-30,56,1,0,0,0,0,5,1,0,1,0,0,1,0,0,0,2,1,0,4,2,0,1,1,1,0,1,0,0,0,0,0,0,0,0,2,0,0,1,1,0,1,0,0,0,0,0,1,1,0,0,0,0,0,0,0,0,0,0,0,0,2,0,0,1,0,1,0,0,0,2,0,0,1,0,2,0,0,0,0,0,0,0,2,0,0,0,0,0,0,0,0,1,0,0,0,0,0,1,0,0
2019-04-04,50,0,0,2,1,1,0,3,0,0,0,1,0,2,0,3,0,0,3,0,1,1,1,0,2,0,1,0,0,0,1,0,0,1,1,0,0,0,1,0,0,2,0,0,1,1,0,2,0,0,0,0,0,0,0,0,0,0,0,0,0,0,0,0,0,0,0,0,0,0,0,0,1,0,0,0,0,0,1,0,1,0,1,0,0,0,1,0,0,0,0,0,0,2,0,0,0,0,0,1,0
2019-04-09,54,0,2,1,0,0,0,0,3,2,2,0,0,0,1,1,1,1,0,0,0,1,0,1,1,0,0,1,2,1,0,0,1,0,1,0,0,0,0,0,0,0,0,0,0,1,0,1,0,0,0,0,0,0,0,0,0,0,0,1,0,0,0,2,0,0,1,0,0,0,1,0,1,1,0,3,0,0,1,0,0,0,0,0,0,0,1,0,3,0,0,0,0,1,0,0,0,0,0,0,0
2019-04-14,49,1,0,3,1,0,1,2,2,0,2,1,0,0,2,3,1,0,0,0,0,2,0,0,1,0,0,1,0,1,0,0,0,0,2,2,2,0,0,0,0,0,0,0,1,0,0,0,0,2,1,0,0,0,0,0,1,0,0,0,0,1,0,0,0,0,0,0,0,0,0,1,0,0,0,0,1,0,0,0,1,0,0,0,0,0,1,0,0,0,0,0,0,0,0,0,1,0,0,0,0
2019-04-19,40,1,1,0,0,0,1,3,3,1,0,0,0,0,2,0,0,0,0,1,0,0,0,0,1,1,0,0,0,2,2,0,0,1,1,1,0,0,0,0,0,0,0,0,0,0,0,0,0,0,0,0,0,0,0,0,0,0,0,0,0,0,0,0,1,0,0,1,1,0,0,0,0,0,0,0,0,0,1,1,0,0,2,0,0,0,0,0,1,0,0,0,0,0,0,0,0,1,0,0,0
2019-04-24,56,2,1,0,0,0,1,0,0,1,3,0,0,2,1,0,0,0,1,0,0,0,1,1,0,0,2,2,1,0,0,0,1,1,0,0,1,1,0,0,0,0,0,0,0,2,0,1,0,1,0,0,0,0,1,0,0,0,1,2,3,0,0,0,0,0,0,0,0,1,0,0,1,0,0,0,0,0,1,0,1,1,0,0,0,1,1,0,1,0,0,0,0,1,0,0,0,0,0,0,0
2019-04-29,66,0,2,2,1,0,2,0,2,2,2,1,0,0,0,1,1,0,0,1,2,1,0,0,0,0,0,2,0,0,1,0,0,1,1,1,0,0,1,3,0,0,1,0,0,0,1,0,0,0,1,1,0,0,0,0,1,0,1,0,0,0,0,0,0,1,1,0,0,0,0,0,1,0,0,1,1,0,1,1,0,1,2,0,0,0,0,0,0,1,0,0,0,0,0,1,0,0,0,1,2
2019-05-04,60,1,0,3,2,0,3,0,2,2,0,1,0,1,0,0,0,1,0,1,1,1,1,1,1,0,1,0,0,1,0,0,2,1,0,0,0,1,1,0,1,0,0,0,2,1,0,0,1,0,1,0,0,0,2,0,0,0,0,1,1,0,0,0,0,0,0,0,0,0,1,0,0,0,0,2,0,0,0,2,0,0,0,0,0,0,0,0,1,0,0,0,1,0,1,0,1,0,0,0,0
2019-05-09,32,1,1,1,0,0,0,1,0,1,0,0,0,0,1,0,1,0,1,0,1,1,0,0,0,0,1,2,0,1,0,0,0,0,1,0,0,0,0,0,0,1,0,0,1,0,0,1,0,0,0,0,0,0,0,0,1,1,0,0,0,0,0,0,0,0,0,0,0,0,0,0,1,0,1,1,0,0,0,0,0,0,1,0,0,0,0,0,0,0,0,0,0,0,0,0,1,0,0,0,0
2019-05-14,41,1,0,0,1,0,2,0,0,1,0,1,1,1,0,1,0,0,0,0,1,1,0,1,0,0,0,1,0,0,0,0,0,0,0,0,0,0,0,0,0,0,0,0,0,0,0,2,1,0,1,0,0,0,2,0,0,0,0,1,0,1,0,0,0,0,0,1,0,0,1,1,0,0,0,0,0,0,0,1,1,0,0,0,0,0,0,0,1,1,1,1,0,0,1,0,1,1,0,1,0
2019-05-19,38,0,1,0,1,0,0,0,0,0,2,0,1,2,0,0,0,0,1,1,1,0,0,0,1,0,1,0,1,0,1,0,0,0,1,0,0,0,0,0,1,1,0,0,1,1,0,1,0,0,0,0,0,0,1,0,0,0,0,1,2,0,0,0,0,0,0,0,0,1,0,0,1,0,0,1,0,0,0,0,0,0,0,0,0,0,0,0,0,1,0,0,0,0,0,0,0,0,0,0,0
2019-05-24,41,0,0,1,1,0,1,1,1,0,0,0,1,1,0,1,0,1,0,1,1,0,0,0,0,1,0,1,0,0,0,0,0,0,0,1,1,1,1,2,0,1,0,0,0,0,0,0,0,0,3,1,1,0,0,0,0,0,0,0,0,1,0,0,1,1,0,0,0,0,0,0,1,0,0,1,1,0,0,0,0,0,0,0,0,0,0,0,0,0,0,0,1,0,1,0,0,0,0,0,0
2019-05-29,36,1,0,0,0,0,0,1,1,1,0,0,0,0,0,2,0,1,1,1,0,0,0,0,0,0,0,0,0,1,0,0,0,0,1,0,0,0,0,2,2,1,0,0,0,0,0,0,2,0,1,0,1,0,0,0,0,0,0,0,1,0,0,0,0,0,2,0,0,0,0,1,0,0,0,0,1,0,0,0,0,1,1,0,0,0,0,0,1,0,0,0,0,0,0,1,0,0,0,0,0
2019-06-03,50,2,0,0,0,0,0,1,0,0,2,1,1,2,2,0,0,0,1,1,0,4,0,0,0,0,0,0,0,0,2,0,0,0,1,2,1,0,1,1,0,0,1,0,0,0,0,1,0,0,2,0,0,1,1,0,0,0,0,0,1,1,0,0,1,0,0,1,0,0,2,0,2,0,0,0,0,0,0,0,0,0,1,1,0,0,1,0,1,0,2,0,0,0,0,1,0,0,0,1,0
2019-06-08,34,0,0,1,1,0,2,0,0,0,0,1,1,0,0,0,0,0,1,1,0,0,0,1,0,0,0,0,0,2,1,0,0,0,0,0,0,1,0,0,0,0,0,0,0,0,0,0,0,0,2,0,0,0,0,0,0,0,0,0,0,2,0,0,0,0,0,0,0,0,1,0,0,0,0,0,0,1,1,0,0,0,0,0,0,0,0,0,0,1,0,2,0,0,0,1,1,0,0,0,0
2019-06-13,31,1,0,1,0,0,1,2,1,0,1,0,0,0,0,0,1,0,0,1,0,0,0,0,0,1,2,1,0,2,2,1,0,0,0,0,0,0,0,0,0,0,0,0,0,0,0,1,1,0,0,0,0,0,1,0,0,0,0,0,0,1,0,0,0,0,0,0,1,0,0,0,0,0,0,0,0,0,0,0,0,0,1,1,0,0,0,0,0,0,0,0,0,0,0,0,0,0,0,0,0
2019-06-18,28,1,2,0,0,0,1,0,1,0,1,1,1,0,1,0,0,0,0,0,1,0,0,0,0,0,1,0,1,0,1,0,0,0,1,0,0,0,0,0,0,1,0,0,0,0,0,0,1,0,0,0,0,0,0,0,0,0,0,1,0,1,0,0,1,0,0,0,0,0,0,0,0,0,0,0,0,0,1,0,1,0,1,0,0,0,0,0,0,0,0,0,0,1,0,0,0,0,0,1,0
2019-06-23,40,2,1,0,0,0,1,1,0,0,1,2,0,1,1,0,2,0,1,0,0,0,0,1,0,0,0,0,0,1,0,0,0,0,0,2,0,0,1,1,0,0,0,0,0,0,0,0,0,2,0,0,0,0,0,0,0,0,0,0,1,1,0,0,0,0,0,0,0,0,0,0,0,0,0,0,1,0,2,0,1,1,0,0,0,0,0,2,0,1,0,0,0,0,0,0,0,0,0,0,1
2019-06-28,30,0,1,1,0,1,1,0,0,0,0,1,0,0,0,1,0,1,0,0,0,0,0,1,0,2,0,2,0,0,0,0,0,0,1,0,0,0,0,0,0,0,0,0,0,1,0,0,1,0,0,0,0,0,0,0,0,0,0,0,0,0,0,0,1,0,0,0,0,0,0,0,0,0,0,2,1,0,0,1,0,0,0,0,0,0,1,0,0,0,0,0,0,1,0,0,0,0,0,0,0
2019-07-03,25,1,0,0,0,0,0,0,1,0,2,0,0,0,0,0,0,0,0,1,1,0,0,0,0,0,1,2,0,0,0,0,0,0,0,1,0,0,0,0,0,0,0,0,0,0,0,1,0,0,0,0,0,0,1,0,0,0,0,0,0,0,1,0,0,0,0,0,0,0,0,1,0,0,0,1,0,0,0,0,0,1,0,0,0,0,0,0,0,1,0,0,0,1,0,1,0,0,0,0,0
2019-07-08,45,0,1,1,2,0,0,0,1,2,1,0,0,1,3,0,0,0,0,0,1,0,1,1,0,0,2,0,1,0,1,0,0,0,1,2,0,1,0,2,0,0,0,0,0,0,0,0,0,2,0,1,0,0,0,0,0,0,0,0,0,0,0,1,0,0,0,0,0,0,1,0,0,0,0,1,0,0,1,0,0,0,0,1,0,0,0,1,1,0,0,0,0,0,0,0,0,0,1,0,0
2019-07-13,50,1,0,1,0,0,1,3,3,0,0,0,0,1,0,0,2,0,0,1,2,0,0,1,0,1,0,0,0,0,2,0,1,0,0,0,1,0,0,2,0,0,0,0,1,0,0,0,1,0,0,0,0,1,0,0,0,0,0,1,2,0,0,2,1,0,0,0,0,0,0,1,0,0,1,0,1,0,0,0,0,0,0,0,0,1,1,0,0,0,0,0,0,0,1,0,0,0,0,0,0
2019-07-18,32,0,2,0,0,0,1,2,0,1,0,0,0,2,1,1,0,0,0,0,0,1,0,0,0,0,0,0,0,0,0,0,0,2,0,0,0,0,0,0,0,0,2,0,0,0,1,0,1,0,1,1,0,0,0,0,0,0,0,0,1,0,1,0,0,0,0,1,0,0,0,0,0,0,0,0,0,0,0,0,0,0,2,0,0,0,0,0,0,0,0,0,0,0,0,0,1,0,0,0,0
2019-07-23,46,1,3,1,1,1,2,3,1,1,2,0,0,1,0,1,1,0,0,3,0,0,0,0,0,0,0,2,0,2,2,1,0,1,0,0,0,0,0,1,0,0,0,0,0,0,0,0,0,0,0,0,0,0,0,0,1,0,0,1,0,0,0,0,0,1,0,0,0,0,0,0,2,0,0,0,0,0,0,0,0,0,1,0,0,0,0,1,1,0,0,0,0,0,0,0,0,0,0,0,0
2019-07-28,48,3,1,1,1,0,0,1,0,0,0,2,2,0,1,0,0,1,2,0,2,1,1,0,0,0,0,2,0,1,0,1,0,0,0,1,0,1,0,0,0,0,0,0,0,1,0,1,0,0,0,0,0,0,0,0,1,0,0,0,1,0,0,0,0,0,0,1,0,0,0,0,0,0,0,0,0,0,0,0,0,0,1,0,0,0,0,0,1,0,0,1,0,2,1,0,0,0,0,0,0
2019-08-02,42,0,0,0,0,0,1,0,1,2,0,0,0,0,1,1,0,2,3,0,1,0,0,0,0,0,0,1,0,0,0,0,1,0,0,1,0,0,1,1,0,3,1,0,1,0,0,0,0,1,0,0,0,0,1,0,0,0,0,0,1,0,0,0,0,0,0,0,1,2,0,0,0,0,1,0,0,0,0,2,0,0,0,0,0,0,1,0,0,1,0,0,0,0,0,1,0,0,0,0,0
2019-08-07,19,0,0,0,0,0,0,0,0,0,1,0,0,0,1,0,1,1,0,0,0,0,0,0,0,0,0,0,1,0,0,0,0,0,1,0,0,0,0,0,0,1,0,0,1,0,0,0,0,0,0,0,0,0,0,0,0,0,0,0,1,0,0,0,0,0,0,0,1,0,0,0,0,0,0,0,0,0,0,1,0,0,0,0,0,0,0,0,0,0,0,0,0,1,0,0,0,0,0,0,0
2019-08-12,46,0,1,0,1,0,1,1,0,0,2,0,0,0,1,1,0,1,0,2,1,0,0,1,2,0,0,2,1,0,0,0,0,0,0,1,0,0,0,0,0,0,1,0,0,0,0,0,0,0,2,0,1,0,0,0,0,0,0,0,0,1,1,0,0,1,0,0,0,1,0,0,1,0,0,0,1,0,2,1,0,1,0,1,0,0,3,0,0,0,0,0,0,0,0,0,0,0,0,0,0
2019-08-17,46,1,1,0,0,0,2,2,1,1,0,0,1,0,0,0,3,1,1,1,0,1,0,0,2,0,0,0,0,1,0,0,0,1,0,1,0,0,1,0,0,0,0,0,0,0,0,0,2,1,1,0,1,0,1,0,0,0,0,0,1,0,0,1,0,0,1,0,1,0,1,0,1,0,0,0,1,0,0,1,0,0,0,0,0,0,0,0,1,0,0,0,1,1,0,0,0,0,0,0,0
2019-08-22,50,1,0,0,1,0,1,1,0,0,3,2,0,1,1,1,2,0,0,1,1,0,1,0,0,0,0,0,0,1,1,0,2,0,0,1,0,0,0,2,1,1,0,0,0,0,0,1,0,0,1,0,0,0,0,0,0,0,0,0,0,0,0,1,0,0,0,0,0,0,1,0,1,0,1,0,0,0,0,0,0,0,0,0,0,0,1,1,1,0,0,0,0,0,0,0,0,1,0,0,0
2019-08-27,72,2,2,1,0,1,1,4,0,0,2,1,0,1,1,1,0,1,0,0,2,3,0,0,0,0,0,1,0,3,1,0,0,1,1,0,0,0,1,1,0,1,0,0,0,0,0,1,1,0,2,0,0,1,0,0,0,0,0,0,2,1,0,0,0,0,0,1,0,1,0,0,3,0,0,3,2,0,3,1,0,1,0,0,0,0,0,0,0,0,1,1,0,0,2,0,0,0,0,0,1
2019-09-01,63,1,2,0,0,0,1,1,0,0,0,1,0,0,0,2,0,0,1,1,0,1,1,1,0,0,1,0,0,0,1,0,1,0,1,2,1,0,1,1,2,1,1,1,0,0,0,0,1,2,0,0,0,0,0,0,0,0,0,1,1,0,0,1,0,0,0,0,1,0,0,1,0,0,0,0,1,0,0,2,0,0,0,2,0,0,1,1,0,0,0,1,0,0,1,0,0,1,0,0,0
2019-09-06,56,2,2,0,0,1,1,0,1,0,0,0,2,1,0,0,1,0,1,1,0,1,0,0,1,3,0,0,0,0,1,0,2,2,1,0,1,0,0,0,1,0,0,0,0,0,0,0,1,0,0,0,1,0,1,0,0,0,0,0,0,1,1,0,0,0,0,0,0,0,1,0,0,1,0,0,0,0,1,1,1,2,1,0,0,0,0,1,0,1,0,0,1,0,0,0,0,1,0,0,0
2019-09-11,42,0,0,1,1,0,1,0,1,1,1,1,0,0,2,0,1,1,1,0,0,1,0,1,0,0,0,2,0,0,0,0,0,0,0,2,0,1,0,0,0,0,0,0,0,2,2,0,0,0,0,0,0,0,0,0,1,1,0,1,0,0,0,0,1,1,0,0,0,0,0,0,1,0,0,0,0,0,0,0,0,0,0,1,0,0,0,0,2,1,0,0,0,0,0,0,0,0,0,0,0
2019-09-16,73,0,1,1,2,0,2,4,1,1,2,0,1,0,1,1,0,0,0,1,0,1,1,1,0,3,0,2,0,2,0,0,0,0,1,1,1,0,0,1,0,2,1,0,0,1,0,3,1,2,1,1,0,0,1,0,0,0,0,0,0,1,1,0,1,0,1,1,0,1,0,0,0,0,0,0,1,0,1,4,0,0,0,0,0,1,0,0,1,0,0,0,0,0,0,1,0,0,0,0,0
2019-09-21,48,1,1,0,0,0,1,1,1,0,1,1,1,1,1,2,2,0,1,1,0,0,0,1,0,0,0,1,0,1,0,0,2,3,0,0,0,0,0,1,1,1,0,0,2,0,0,0,0,0,0,0,0,1,0,0,1,0,0,1,0,1,0,0,0,1,0,0,0,1,0,0,0,0,1,1,0,0,1,0,0,0,0,0,0,0,0,0,0,0,0,0,0,0,1,0,0,0,0,0,0
2019-09-26,39,1,0,2,1,0,0,2,0,1,0,1,0,1,0,0,1,0,0,0,1,0,0,0,2,0,0,0,0,0,0,0,0,1,0,0,0,1,0,0,0,0,0,0,1,2,0,0,0,1,0,0,0,0,1,0,0,1,0,0,0,0,0,0,0,0,1,0,0,1,1,0,1,0,0,0,0,0,0,1,1,0,0,1,0,0,1,0,0,0,0,0,0,0,0,1,1,0,0,0,0
2019-10-01,70,5,1,0,2,2,1,1,0,2,0,1,1,1,0,1,0,0,0,3,1,2,0,3,1,1,0,1,1,0,0,0,1,0,1,1,1,1,0,0,1,1,1,0,0,1,1,1,1,1,1,0,1,0,0,0,1,0,0,1,0,0,0,0,1,0,1,0,0,0,0,0,0,0,0,2,0,0,0,0,0,1,0,0,0,0,0,1,0,1,0,0,0,1,0,0,0,0,0,0,0
2019-10-06,122,5,4,1,1,2,0,0,0,1,1,2,2,3,1,3,1,1,2,1,0,0,0,2,1,0,0,5,0,2,0,0,4,2,2,1,1,1,1,2,1,1,0,0,1,0,1,0,0,1,1,0,0,0,0,0,3,0,0,2,2,0,0,1,1,1,1,0,1,1,2,0,1,0,0,0,0,0,2,1,0,0,0,0,0,1,1,0,1,0,0,0,0,0,0,0,0,0,0,0,0
2019-10-11,68,2,1,2,1,0,0,0,1,0,1,1,1,1,1,1,2,1,0,0,0,0,0,0,1,0,0,1,0,1,0,0,3,1,1,3,0,1,0,0,0,1,1,0,0,0,0,1,0,1,1,1,0,1,2,0,0,0,0,0,1,1,0,0,0,0,0,1,0,0,0,0,0,1,2,0,0,0,0,0,0,1,0,0,0,0,0,0,2,0,1,0,0,0,1,0,0,0,0,0,0
2019-10-16,142,3,3,0,2,0,3,5,2,1,6,1,2,2,1,1,2,0,2,0,2,1,1,1,2,3,1,1,0,4,1,1,0,1,1,2,3,1,0,4,0,2,1,0,0,1,0,1,2,1,3,1,0,1,1,0,0,0,2,0,3,1,3,1,1,2,2,0,0,0,1,0,1,0,0,3,1,0,1,0,1,0,1,0,0,1,2,0,0,0,1,1,0,1,0,3,1,0,0,0,0
2019-10-21,180,0,3,4,3,5,5,1,4,2,2,2,0,6,0,5,1,1,4,2,1,1,1,1,2,3,1,3,1,0,1,1,1,2,4,1,2,0,4,1,1,1,0,0,0,1,1,1,1,2,0,2,1,3,1,0,0,0,0,2,0,0,0,2,1,1,1,0,2,2,1,1,1,2,0,0,0,0,1,0,0,3,1,0,0,1,1,1,1,0,2,0,3,0,1,2,0,0,1,2,0
2019-10-26,176,2,2,6,1,2,1,2,0,1,1,4,3,0,2,1,1,3,3,1,2,2,2,5,2,1,3,3,0,1,0,2,0,2,1,1,1,0,7,2,4,0,2,1,2,0,2,1,0,0,1,6,0,3,2,0,2,2,1,3,0,1,0,1,1,1,0,0,1,1,0,1,0,0,1,0,0,0,0,0,2,0,1,3,0,0,1,3,0,3,0,2,0,0,0,0,0,0,2,3,0
2019-10-31,72,0,1,2,0,4,1,3,2,0,0,1,1,2,0,0,0,0,0,0,1,1,1,1,0,1,4,0,0,1,0,0,0,3,1,0,1,0,0,0,1,0,1,0,2,0,1,0,0,0,1,1,0,1,0,0,0,0,1,1,0,0,2,0,1,1,1,0,0,0,1,0,0,0,0,0,0,0,0,0,0,0,0,0,0,0,0,1,0,0,0,0,0,0,2,0,0,0,2,1,0
2019-11-05,81,2,2,1,2,4,0,3,0,0,1,0,0,2,0,2,1,0,2,1,2,0,0,0,3,2,4,0,0,0,1,2,0,1,0,0,1,0,1,0,0,0,1,1,1,0,1,1,1,0,0,0,0,0,0,0,2,3,2,0,1,0,0,1,1,1,0,1,0,0,1,0,0,0,0,0,1,0,0,0,1,0,0,1,0,1,0,0,0,1,0,1,0,0,0,0,0,0,1,0,0
2019-11-10,78,1,2,0,1,3,0,0,2,0,2,2,2,1,0,0,0,0,1,1,1,3,1,1,0,1,3,0,0,2,2,0,1,1,1,0,0,0,1,0,0,1,0,0,1,1,1,1,1,1,0,2,0,2,0,0,0,1,3,0,0,1,0,0,0,1,0,0,0,1,1,0,0,0,0,0,0,0,0,0,1,0,1,0,0,0,0,0,0,2,0,1,0,0,0,0,0,0,0,0,2
2019-11-15,64,0,1,2,0,1,2,1,1,0,1,0,1,0,1,2,0,1,0,0,0,1,0,0,1,0,2,0,1,0,1,1,0,0,0,0,3,0,2,1,0,0,0,0,0,1,0,0,2,1,0,1,0,0,0,0,1,1,0,0,0,0,0,0,0,1,0,0,0,0,2,0,1,0,1,0,0,0,0,1,1,1,0,2,0,1,0,0,0,0,0,0,0,0,0,0,0,0,0,0,0
2019-11-20,69,0,2,2,1,3,1,0,0,0,0,3,0,2,2,1,0,1,0,0,1,0,2,1,1,1,2,1,0,0,1,0,0,0,1,0,0,0,1,1,0,2,0,0,0,1,0,0,0,1,0,0,1,2,1,0,0,1,0,2,0,0,1,1,0,0,0,1,0,1,0,0,0,1,0,0,0,1,0,0,0,0,0,0,0,1,0,1,0,0,0,0,0,0,0,0,2,0,2,1,0
2019-11-25,143,1,2,5,2,4,2,1,1,1,0,6,5,4,0,0,2,4,1,1,4,0,1,2,0,0,3,0,0,0,1,1,1,0,3,0,2,2,2,1,3,2,0,0,3,0,1,1,1,1,0,2,1,1,2,0,0,1,0,1,0,0,2,2,3,0,1,0,0,1,1,1,1,0,0,0,0,1,0,0,2,1,0,1,0,0,2,0,0,1,1,3,3,0,1,0,1,0,1,0,1
2019-11-30,142,2,1,3,0,5,0,0,2,5,1,3,0,2,3,0,1,2,5,0,1,1,2,0,2,0,3,0,0,2,1,1,2,1,3,0,2,1,3,1,6,0,0,0,3,3,0,0,3,0,1,3,1,1,2,0,0,0,2,3,0,0,2,0,0,1,0,0,1,1,2,0,0,1,1,0,1,0,0,2,1,1,1,2,0,0,0,0,0,1,1,1,1,0,0,0,1,0,0,1,1
2019-12-05,113,1,2,4,2,1,0,1,1,1,1,0,3,2,1,1,0,0,1,1,3,0,1,0,1,0,0,1,0,0,3,1,0,0,3,0,0,0,1,0,2,2,1,0,2,1,1,3,0,0,1,2,1,1,1,0,0,0,5,1,0,2,0,0,0,2,1,0,2,3,1,1,0,1,0,1,0,0,1,0,1,2,0,1,0,1,1,0,0,2,0,0,0,0,1,0,0,2,0,0,0
2019-12-10,109,0,0,3,0,3,0,1,3,0,1,1,2,5,1,1,0,2,1,1,0,2,4,0,1,0,7,0,0,1,0,1,1,2,1,0,2,0,3,0,0,2,3,0,0,2,2,1,0,1,0,0,1,3,0,0,1,1,2,0,1,0,2,0,0,1,0,0,0,1,1,0,1,1,0,1,1,0,0,0,0,1,0,1,0,0,2,0,0,0,0,2,0,1,0,1,0,0,0,0,1
2019-12-15,75,2,0,1,2,1,0,1,2,0,0,1,0,0,5,1,0,2,1,1,1,0,1,1,1,1,1,0,0,0,1,1,1,1,1,0,0,0,2,1,0,0,0,0,0,0,0,0,0,0,0,1,0,0,0,0,0,1,0,0,0,0,0,0,0,0,0,0,1,0,0,0,0,0,1,1,0,0,0,1,2,1,0,3,0,1,0,0,0,0,0,0,2,0,2,0,0,0,1,0,1
2019-12-20,57,0,1,0,1,1,1,1,2,2,0,0,0,1,1,1,0,3,0,0,1,0,0,2,0,0,0,0,1,0,0,0,0,0,0,1,1,0,1,0,0,0,0,0,1,0,0,0,1,1,0,0,0,1,0,0,0,3,1,1,0,1,1,1,2,1,0,1,0,0,0,1,0,0,0,0,0,0,0,1,0,1,1,0,0,2,0,2,0,0,0,0,0,0,0,0,0,0,0,0,0
2019-12-25,36,0,0,0,0,0,0,1,2,1,1,0,0,0,0,0,0,1,0,0,0,1,1,0,0,1,1,0,1,0,0,0,0,1,1,0,0,0,1,0,1,0,0,0,1,1,0,0,0,0,0,0,0,1,0,0,0,0,1,0,0,2,0,0,0,1,0,0,0,0,0,1,1,1,0,0,1,0,0,0,0,0,0,1,0,0,0,0,0,0,0,0,2,0,0,0,0,0,1,0,0
2019-12-30,50,1,1,0,2,2,1,3,0,1,0,0,2,1,0,1,0,0,0,0,0,1,1,0,1,0,3,1,0,0,0,0,0,0,0,0,0,0,2,1,0,0,1,0,1,0,0,0,0,0,0,1,0,1,1,0,0,0,0,0,0,1,0,0,0,0,0,1,0,0,0,2,0,1,0,0,0,1,0,0,0,1,0,0,0,1,0,0,0,0,0,0,0,1,0,1,0,0,0,0,0
2020-01-04,62,2,3,0,0,0,0,1,2,1,0,1,2,3,1,1,0,0,1,0,1,0,0,0,0,1,1,1,0,0,0,1,0,1,2,0,1,1,1,0,1,0,0,0,1,0,0,0,1,0,0,6,0,1,0,0,1,0,1,1,1,0,1,0,0,0,0,0,0,0,0,0,0,0,0,0,0,1,0,0,0,0,1,0,0,0,1,0,0,2,1,0,0,0,0,0,0,0,0,0,0
2020-01-09,84,1,1,0,0,3,1,1,3,0,0,4,0,0,0,0,0,0,0,1,2,1,2,0,1,0,2,0,0,0,0,1,1,0,1,1,1,1,3,0,3,0,1,0,1,0,0,2,2,1,0,2,0,1,0,1,0,0,1,0,0,0,1,0,0,1,2,0,0,1,0,3,0,0,0,1,0,0,0,0,1,0,2,2,0,0,0,0,0,1,0,0,0,0,0,0,0,0,2,1,0
2020-01-14,44,1,1,1,1,1,0,0,1,0,0,0,2,1,0,0,0,0,2,1,0,0,2,1,0,0,2,0,0,0,1,0,1,0,0,1,0,1,2,0,0,0,0,0,2,0,2,0,1,0,0,0,1,0,0,0,0,0,1,0,0,0,1,1,0,0,1,0,0,0,0,0,0,0,0,0,1,0,0,0,0,0,1,0,0,1,0,0,0,0,0,0,0,0,0,0,0,0,2,0,0
2020-01-19,29,0,0,1,0,3,0,0,1,1,0,1,0,0,0,0,1,0,0,0,0,1,2,0,0,1,1,0,1,0,0,0,0,0,0,0,0,0,0,0,0,0,0,0,1,0,1,1,1,0,0,0,2,0,0,0,0,0,0,0,0,0,1,0,0,0,0,0,0,0,1,0,0,0,0,0,0,0,0,0,0,0,0,0,0,0,0,0,0,0,0,0,0,0,0,0,0,0,0,0,0
2020-01-24,47,0,1,3,0,2,0,0,1,1,2,1,0,1,0,0,2,0,0,1,0,1,0,1,0,0,1,0,0,0,0,0,1,0,0,0,1,1,0,0,0,1,0,0,0,0,0,0,0,0,0,0,1,0,0,0,0,0,0,0,0,0,0,1,0,0,0,1,1,0,0,0,0,1,1,0,0,0,0,0,2,0,0,0,0,1,0,0,0,1,0,0,0,0,0,0,0,1,0,0,1
2020-01-29,36,1,1,2,0,0,1,1,0,2,1,0,0,0,0,0,0,0,0,0,0,0,0,0,1,1,2,0,0,0,0,1,0,1,0,0,1,0,1,0,1,2,0,0,1,0,2,0,0,0,0,0,0,2,0,0,0,0,0,0,0,0,0,0,1,0,0,0,0,0,0,0,0,0,0,0,0,1,0,0,0,0,0,0,0,0,1,0,0,0,0,0,1,0,0,0,0,0,0,0,0
2020-02-03,31,0,1,0,1,0,0,0,0,1,1,0,0,0,1,1,0,0,1,0,0,0,2,0,1,0,1,0,0,0,1,0,0,0,0,0,0,0,0,0,0,0,0,0,0,1,0,0,0,0,0,0,0,0,0,0,0,0,0,0,0,0,0,0,0,0,0,0,0,0,1,0,0,0,0,0,0,0,0,0,0,0,0,1,0,0,0,0,0,0,1,0,0,0,0,0,0,0,1,0,1
2020-02-08,73,0,5,0,2,4,1,0,0,1,0,1,0,2,0,0,0,0,1,1,1,0,1,1,0,1,0,0,0,0,2,0,0,1,1,0,0,0,1,0,0,0,0,0,0,0,1,1,0,0,1,1,0,0,0,0,0,1,0,1,1,0,3,1,0,0,0,0,0,0,0,0,0,0,2,0,0,0,0,0,0,0,2,0,0,1,0,2,0,0,0,1,0,0,1,0,0,2,1,0,0
2020-02-13,51,1,0,0,0,1,0,0,0,0,0,1,4,0,0,2,0,1,0,2,1,1,1,2,0,0,0,0,0,0,0,0,1,0,2,0,0,0,1,0,0,1,0,1,0,0,0,0,0,1,0,0,0,0,0,0,1,2,3,0,0,1,0,0,0,0,1,0,0,0,0,0,0,2,0,0,0,0,0,0,0,0,0,0,0,0,1,0,0,0,0,0,1,0,1,0,1,0,1,1,0
2020-02-18,38,0,1,2,0,0,1,0,0,0,0,1,0,0,1,1,0,0,0,1,0,1,0,0,0,0,2,0,1,0,1,0,0,1,1,1,0,0,0,0,1,1,0,0,0,0,0,0,0,0,0,0,0,0,0,0,1,2,0,0,0,0,1,1,0,0,0,0,0,0,1,0,0,0,0,0,0,0,0,0,0,0,1,0,0,0,0,0,0,0,0,1,2,0,0,0,0,0,0,0,0
2020-02-23,48,1,1,1,0,1,0,0,0,0,0,0,0,0,0,0,0,0,0,0,0,0,0,0,0,0,0,0,0,0,1,0,1,1,1,0,0,0,3,0,1,1,0,0,0,1,0,1,0,1,0,1,0,0,0,0,0,0,2,0,0,0,2,0,0,0,1,1,0,0,1,0,0,3,1,0,0,0,0,0,0,0,0,1,0,0,0,0,0,0,1,0,0,0,0,0,0,0,0,2,1
2020-02-28,40,0,1,0,0,2,2,0,0,0,0,1,0,1,0,0,0,0,0,0,1,0,0,0,0,0,2,0,0,0,0,1,1,0,0,0,1,0,2,0,1,0,1,0,0,0,0,1,0,0,0,0,2,0,0,0,0,1,0,0,0,0,0,1,1,1,0,1,0,0,0,0,0,0,0,0,0,0,0,0,0,0,0,0,0,0,0,0,0,1,0,0,0,0,0,0,0,1,1,1,0
2020-03-04,40,0,0,0,0,1,0,0,0,1,1,1,1,0,0,0,1,1,0,0,0,1,1,1,1,1,2,0,1,0,0,0,1,1,2,0,0,1,1,1,1,0,0,0,0,2,0,0,1,0,0,0,0,1,0,0,0,0,0,0,0,0,0,0,1,2,0,0,0,0,0,1,0,0,0,0,0,0,0,0,0,0,0,0,0,0,0,0,0,0,0,0,0,0,0,0,0,0,1,0,0
2020-03-09,53,1,1,1,1,3,0,0,5,0,0,0,1,3,1,2,0,0,2,0,1,0,0,0,1,0,0,1,0,0,1,0,0,0,2,0,0,0,1,0,0,0,0,0,0,0,0,0,0,0,0,1,1,0,0,0,1,0,1,0,0,0,0,0,1,0,0,0,0,1,1,1,0,1,0,0,0,0,0,0,0,0,0,0,0,0,0,0,0,0,0,0,0,0,1,0,0,0,1,0,0
2020-03-14,45,0,0,1,1,0,1,0,3,1,0,0,0,1,0,0,0,0,1,0,0,0,0,1,0,1,0,0,1,0,1,0,0,1,3,0,1,0,1,0,1,0,0,0,0,1,0,1,0,2,0,1,0,0,0,0,0,0,0,0,0,2,0,1,0,0,0,1,0,0,1,1,0,0,0,0,0,0,0,0,0,0,0,0,0,0,0,0,0,1,0,0,0,0,0,0,0,0,0,2,0
2020-03-19,35,2,0,1,1,0,0,0,1,0,0,0,1,0,1,0,0,0,1,1,0,0,0,0,1,0,0,0,1,0,0,0,0,1,2,0,0,0,0,0,1,0,0,0,0,1,0,0,1,1,1,0,0,0,0,0,0,0,0,0,0,0,0,0,0,0,0,1,0,1,0,0,0,0,1,0,0,0,0,0,0,0,1,0,0,0,0,1,0,2,0,0,0,0,0,0,0,0,0,0,0
2020-03-24,52,0,0,1,1,4,0,0,0,1,1,1,0,1,0,2,1,0,1,0,1,0,0,0,1,1,0,0,0,0,0,0,0,0,1,0,0,0,0,0,3,0,1,0,0,0,1,0,0,0,1,1,0,1,1,0,0,0,1,0,0,0,0,0,0,0,0,0,1,0,0,1,0,0,1,0,0,0,1,0,1,2,0,0,0,0,0,0,0,0,0,0,0,0,0,0,0,0,2,0,1
2020-03-29,62,0,1,2,1,2,0,1,1,0,0,0,0,0,1,0,0,0,0,1,0,1,1,0,0,2,2,0,0,0,0,0,1,0,2,0,1,0,1,1,1,0,0,0,1,1,2,0,0,0,0,0,0,2,1,0,1,0,2,1,0,1,1,0,0,0,0,0,0,0,0,0,0,2,0,0,0,0,0,1,0,0,1,2,0,0,1,0,0,0,0,1,0,0,0,0,0,0,2,0,0
2020-04-03,38,1,0,1,0,0,0,0,1,0,0,1,0,0,1,0,0,0,0,0,0,0,1,0,0,1,1,0,0,0,0,0,0,1,1,0,1,0,2,1,0,0,0,0,0,0,0,0,1,0,0,2,0,1,0,0,0,0,0,1,0,0,2,0,1,0,0,0,0,0,0,0,0,0,0,0,0,0,0,0,0,0,0,1,0,0,0,1,0,1,1,0,0,0,1,0,1,0,0,0,1
2020-04-08,40,1,0,1,0,0,0,1,0,1,0,2,1,2,1,0,0,0,0,1,0,0,0,0,1,1,0,0,0,0,0,1,0,0,0,0,1,0,0,1,0,1,0,0,1,0,2,1,0,0,0,0,0,0,0,0,1,0,0,1,0,0,1,1,0,0,1,0,0,2,0,0,0,0,0,0,0,0,0,0,0,1,0,1,0,0,0,0,0,0,0,0,0,0,0,1,1,0,2,0,0
2020-04-13,47,0,4,2,1,1,0,0,0,2,1,0,0,0,0,0,1,0,1,1,0,2,2,0,0,0,0,0,0,0,0,0,0,1,0,0,0,1,2,0,0,1,0,0,1,0,0,0,0,0,0,1,0,0,1,0,0,0,1,0,0,0,0,0,1,0,0,0,0,1,0,0,0,0,0,0,1,0,1,0,1,1,0,0,0,0,1,0,0,0,0,0,0,0,1,0,0,1,2,1,0
2020-04-18,46,1,0,1,1,2,0,0,4,1,0,1,2,1,0,3,0,1,0,0,0,1,0,0,0,0,0,0,0,1,0,1,1,1,1,0,0,0,1,0,0,0,0,0,0,0,1,0,0,0,0,0,0,0,0,0,0,0,1,0,0,0,1,0,0,0,0,0,1,0,0,0,0,0,0,0,1,0,0,0,0,0,0,1,0,2,1,0,0,0,0,1,0,0,0,0,1,0,0,1,0
2020-04-23,27,0,1,1,1,0,0,0,0,0,0,3,0,0,1,2,1,0,0,0,0,0,0,0,0,0,1,0,0,0,0,1,0,0,1,0,2,0,0,0,0,1,0,0,0,0,1,0,0,0,0,0,0,0,0,0,0,0,0,0,0,1,1,1,0,0,0,0,0,0,0,0,0,0,0,0,0,0,0,0,0,0,0,0,0,0,0,0,0,0,0,0,0,0,0,1,0,0,0,0,1
2020-04-28,39,1,0,0,1,1,1,0,0,0,0,1,2,0,0,0,1,1,0,0,0,1,0,1,0,0,0,0,0,0,3,0,0,0,0,0,0,0,2,0,1,0,1,0,1,0,1,0,0,1,0,0,2,0,0,0,0,0,2,1,0,0,0,0,0,1,1,0,0,0,1,0,0,0,0,0,0,0,0,0,0,0,1,0,0,0,0,0,0,1,0,0,0,0,0,0,1,0,0,1,0
2020-05-03,45,0,2,4,1,2,0,0,1,0,0,1,0,1,1,1,1,1,0,0,0,1,2,0,0,1,0,0,0,0,1,0,0,0,1,1,0,0,1,0,1,0,1,0,0,0,0,1,0,0,0,0,1,0,0,0,1,1,0,0,0,0,0,0,0,0,0,0,0,0,0,1,0,0,1,1,0,0,0,0,0,0,0,0,0,0,0,0,0,0,2,0,0,0,0,0,0,0,0,0,0
2020-05-08,46,0,1,1,0,2,0,0,0,0,0,0,0,1,0,1,0,1,0,0,1,0,4,1,0,1,2,0,0,0,0,0,0,0,1,0,0,1,1,0,1,0,0,0,0,1,0,0,0,0,0,2,0,2,0,0,0,0,1,2,0,0,0,1,0,0,0,0,0,0,0,0,0,0,1,0,0,0,0,0,0,0,0,0,0,1,0,0,1,0,0,0,2,0,1,0,0,0,2,0,0
2020-05-13,18,0,1,0,0,0,0,0,1,0,0,0,1,0,0,1,0,0,1,0,1,0,0,0,0,0,1,0,0,0,0,0,0,0,1,0,0,0,0,0,0,0,0,0,1,0,0,0,0,0,0,0,0,0,0,0,0,0,0,0,0,0,0,1,0,0,0,1,0,0,0,0,0,0,0,0,0,0,0,0,0,0,0,1,0,0,1,0,0,0,0,0,1,0,0,0,0,0,0,0,0
2020-05-18,36,2,1,0,2,0,0,1,0,0,0,0,0,0,1,1,1,0,0,2,0,0,0,0,0,1,0,0,0,0,0,0,1,0,0,0,1,0,0,0,4,0,1,0,0,0,0,0,2,0,0,0,0,0,1,0,0,0,0,0,0,0,0,1,0,0,0,0,0,0,0,0,0,0,0,0,1,0,0,0,0,0,0,1,0,0,1,0,0,2,1,0,0,0,0,0,0,0,0,0,0
2020-05-23,31,2,0,1,0,0,1,1,2,0,1,0,0,0,0,0,0,0,0,0,0,0,0,0,0,0,0,0,0,0,0,0,1,0,0,1,0,0,1,0,0,0,0,0,0,0,0,0,0,0,0,1,0,0,0,0,0,0,0,0,0,0,0,1,0,1,0,1,0,0,0,0,0,0,0,0,0,0,0,0,0,0,2,0,0,0,0,0,0,0,0,0,0,0,0,1,1,0,0,0,0
2020-05-28,44,1,0,2,0,1,0,0,0,0,0,1,2,1,1,1,0,0,0,1,0,0,0,0,0,0,2,1,0,0,2,0,0,1,0,0,1,0,0,0,1,0,0,0,1,0,1,1,1,0,0,1,0,0,0,0,0,0,0,0,0,0,1,0,0,0,0,0,0,2,0,0,0,0,0,0,0,0,0,0,1,0,0,0,0,0,0,0,0,1,1,1,0,0,0,0,1,0,2,0,0
2020-06-02,31,0,0,1,0,1,0,0,1,0,0,0,0,1,0,2,1,2,1,0,0,0,1,0,1,1,1,1,0,0,0,1,0,1,0,0,0,0,1,0,2,0,0,0,1,0,0,0,0,0,0,1,0,0,1,0,0,0,0,0,0,0,0,0,0,0,0,0,0,0,0,0,0,0,0,0,1,0,0,0,0,0,1,0,0,0,0,0,0,0,0,0,0,0,0,0,0,0,0,0,0
2020-06-07,30,0,1,0,0,0,0,1,0,0,0,1,0,0,1,0,0,0,2,0,0,0,0,0,0,1,0,0,0,0,0,0,0,0,1,0,1,1,0,1,0,0,0,0,0,0,1,2,1,0,0,0,0,0,0,0,0,0,0,0,0,0,1,0,0,0,0,0,0,1,1,0,0,0,0,0,0,0,0,0,0,0,0,0,0,0,0,0,0,1,0,2,0,0,0,0,1,0,1,0,0
2020-06-12,20,0,0,0,0,0,0,0,1,0,0,0,1,0,0,0,0,0,0,0,1,0,0,0,0,0,0,0,0,1,1,0,0,0,1,0,0,0,0,0,0,0,0,0,1,1,0,0,0,0,0,0,0,0,0,0,0,0,1,1,0,0,0,0,0,0,0,0,0,0,1,0,0,0,0,0,0,0,0,0,0,0,0,1,0,0,0,0,0,0,0,0,0,0,0,1,0,0,0,1,0
2020-06-17,20,0,0,1,1,1,0,1,1,0,0,1,0,0,1,0,1,0,0,0,0,0,0,0,0,0,0,0,0,0,0,0,0,1,0,0,0,0,0,0,1,1,0,0,0,0,0,0,0,0,0,0,0,0,1,0,0,0,0,0,0,0,0,2,0,1,0,0,1,0,0,0,0,0,0,0,0,0,0,0,0,0,0,0,0,0,0,0,0,0,0,0,0,0,0,0,0,0,0,0,0
2020-06-22,28,1,2,1,0,1,0,0,1,0,0,0,0,0,0,0,0,1,1,0,0,0,1,0,0,0,0,0,0,0,0,1,0,0,1,1,1,0,0,1,0,0,2,0,0,0,0,0,0,0,1,0,0,0,0,0,0,0,0,0,0,0,0,0,0,0,0,1,0,0,0,0,0,0,0,0,0,0,0,0,0,0,0,0,0,1,1,0,0,0,0,0,0,0,0,0,0,0,0,0,0
2020-06-27,17,0,0,1,0,1,0,0,0,0,0,2,0,0,1,1,0,0,1,0,0,0,1,0,0,0,0,0,0,0,0,0,0,2,1,0,0,0,0,0,0,1,0,0,0,0,0,0,0,0,0,0,0,0,0,0,0,0,0,0,0,0,0,1,0,0,0,1,0,0,0,0,0,0,0,0,0,0,0,0,1,0,0,0,0,0,0,0,0,0,0,0,0,0,0,0,0,0,0,0,0
2020-07-02,17,0,1,2,0,1,0,0,0,0,0,0,0,1,0,0,0,0,1,0,1,1,0,0,0,0,0,1,0,0,0,0,0,1,0,0,0,0,0,0,0,0,0,0,0,0,0,0,0,0,0,0,0,0,0,0,0,0,0,2,0,0,0,0,0,0,0,0,0,0,0,0,0,0,0,0,0,0,0,0,0,0,0,0,0,0,0,0,0,0,0,0,0,0,0,0,0,0,0,0,1
2020-07-07,22,0,0,1,1,1,0,0,1,1,1,0,0,0,0,0,0,0,1,0,0,0,1,0,1,0,0,0,0,0,0,0,0,0,0,0,0,0,2,1,1,0,0,1,0,0,0,0,0,0,0,1,0,0,0,0,0,0,0,0,0,0,0,0,0,1,0,0,0,0,0,1,0,0,0,0,0,0,0,0,0,0,0,0,0,0,0,1,0,0,0,1,0,0,0,0,0,0,0,0,0
2020-07-12,32,0,1,1,0,1,0,0,1,1,0,0,0,0,0,1,0,0,0,0,0,1,0,0,1,1,1,0,0,0,0,0,0,1,0,0,1,0,0,0,1,0,0,0,0,0,0,0,0,0,0,0,1,0,0,0,1,0,0,0,0,0,0,0,1,0,0,0,0,0,1,0,0,1,0,0,0,0,0,0,0,0,0,0,0,0,1,0,0,0,0,0,0,0,1,0,0,1,0,0,1
2020-07-17,15,0,1,0,0,0,0,0,0,0,0,2,0,0,0,0,0,0,0,0,0,0,1,0,0,0,0,0,0,0,0,1,0,0,0,0,0,0,0,0,0,1,2,0,0,1,0,1,0,0,0,0,0,0,0,0,0,1,0,0,0,0,1,0,0,0,0,0,0,1,0,0,0,0,0,0,0,0,0,0,0,0,0,1,0,0,0,0,0,0,0,0,0,0,0,0,0,0,0,0,0
2020-07-22,25,1,0,1,0,0,0,0,0,1,1,0,0,0,0,0,0,0,0,0,0,0,0,0,0,1,1,0,0,0,0,0,0,1,2,1,0,0,0,1,0,0,0,0,0,1,0,0,0,0,0,1,0,0,0,0,0,0,0,0,0,0,0,0,0,0,0,1,1,0,0,0,0,1,0,0,0,0,0,0,0,0,0,0,0,0,1,0,0,0,0,0,1,0,0,0,0,0,0,0,0
2020-07-27,13,0,1,0,0,0,1,0,0,0,0,0,0,1,0,0,0,0,0,0,0,1,1,0,0,0,0,1,0,0,1,0,0,0,0,0,0,0,0,0,0,0,0,0,1,0,0,0,0,0,0,0,0,0,0,0,0,0,0,0,0,0,0,0,0,0,0,0,0,0,0,0,0,0,0,0,1,0,0,0,0,0,0,0,0,0,0,0,0,0,0,0,0,0,0,0,0,0,0,1,0
2020-08-01,19,0,0,1,0,0,0,0,0,0,0,0,0,0,0,0,0,1,0,0,0,0,0,0,0,0,0,0,1,0,0,1,0,0,0,0,0,0,0,0,0,0,0,0,0,0,1,0,0,1,0,0,0,0,1,0,0,1,0,0,0,0,0,0,1,1,1,0,0,0,0,0,0,0,0,0,0,0,0,0,0,0,1,0,0,1,0,0,0,0,0,0,0,0,0,0,0,0,0,0,0
2020-08-06,25,2,0,0,0,0,1,0,0,0,0,1,0,0,0,0,0,0,0,0,0,0,0,0,0,1,1,0,0,0,0,1,0,0,0,0,0,0,0,0,0,0,0,0,0,0,0,1,0,0,0,0,0,1,0,0,0,1,0,0,0,0,1,0,0,0,0,1,1,0,0,0,0,1,0,0,0,0,0,0,0,0,0,1,0,1,0,0,0,0,0,1,0,0,1,0,0,0,0,0,0
2020-08-11,20,0,0,0,0,3,0,0,0,0,0,1,2,0,0,0,0,0,0,0,0,0,0,0,0,0,0,0,0,0,1,0,0,0,0,0,0,0,1,0,2,0,0,0,1,0,0,0,0,1,0,0,0,0,0,0,0,0,0,0,0,0,0,1,0,0,0,0,0,0,0,0,0,0,0,0,0,0,0,0,0,0,0,1,0,0,0,0,0,0,0,0,0,0,0,0,1,0,0,0,0
2020-08-16,26,1,0,2,0,1,0,0,0,0,0,0,0,0,0,1,0,1,0,1,0,0,1,0,0,0,0,1,0,0,0,0,1,0,0,0,0,0,1,0,0,2,0,0,0,0,1,0,0,0,0,0,0,1,0,0,2,0,0,0,0,0,1,0,0,0,0,0,0,0,0,1,0,0,0,0,0,0,0,0,0,0,0,0,0,0,0,0,0,0,0,1,0,0,0,0,0,0,0,0,0
2020-08-21,11,0,0,0,0,0,0,0,0,1,0,1,0,0,0,1,0,0,0,0,0,0,0,0,0,0,0,0,0,0,0,0,0,0,0,0,0,0,0,0,0,0,0,0,0,0,0,0,0,0,0,1,0,0,0,0,0,0,1,1,0,0,0,0,0,1,0,0,0,0,0,0,0,0,0,0,0,0,0,0,0,0,0,0,0,0,0,0,0,0,1,1,0,0,0,0,0,0,0,0,0
2020-08-26,22,2,0,1,1,0,0,0,0,0,0,0,2,0,1,0,0,1,1,0,0,0,3,0,1,3,0,0,0,0,0,0,0,0,0,0,0,0,0,0,0,0,0,0,0,0,0,0,0,0,0,0,0,0,2,0,0,0,0,0,0,0,0,0,0,0,0,0,0,0,0,0,0,0,0,0,0,0,0,1,0,0,0,0,0,0,0,0,0,0,0,0,0,0,0,0,0,0,0,0,0
2020-08-31,16,1,0,0,0,0,0,1,0,0,0,0,0,1,0,0,0,1,0,0,0,0,0,0,0,0,0,0,0,0,0,0,2,0,0,0,0,0,0,0,0,0,0,0,1,0,0,0,0,0,0,0,0,0,1,0,0,0,0,0,0,0,0,0,0,0,0,0,0,0,0,0,0,1,0,0,0,0,0,0,0,0,0,0,0,0,0,0,0,0,0,0,0,0,0,0,0,0,1,0,0
2020-09-05,12,0,0,0,0,0,0,1,1,0,0,1,1,0,1,1,0,1,0,0,0,0,0,0,0,1,0,0,0,0,0,0,0,0,0,0,0,0,0,0,0,1,0,0,0,0,0,0,0,0,0,0,0,0,0,0,0,0,0,0,0,0,0,0,0,0,0,0,0,0,0,0,0,0,0,0,0,0,0,0,0,0,0,0,0,0,0,0,0,0,0,0,0,0,0,0,1,0,0,0,0
2020-09-10,11,0,1,0,0,0,0,0,0,0,1,0,0,1,0,0,0,0,0,0,1,0,0,0,0,0,0,0,0,0,0,1,0,0,0,0,0,0,0,0,0,0,0,0,0,0,0,0,0,0,1,0,1,0,0,0,0,0,0,0,0,0,0,0,0,0,0,0,0,0,0,0,0,0,0,0,0,0,0,0,0,0,0,0,0,0,0,0,0,0,0,0,0,0,0,0,0,0,0,0,0
2020-09-15,25,0,0,2,1,2,0,0,1,1,0,0,1,1,1,0,0,0,0,0,2,0,0,0,0,0,2,0,0,0,0,0,0,0,0,0,0,0,0,0,1,0,1,0,0,0,0,0,0,0,0,1,0,0,0,0,1,0,1,1,0,0,0,0,0,0,0,0,0,1,0,0,0,0,0,0,0,0,0,0,0,0,0,1,0,0,0,0,0,0,0,0,0,0,0,0,0,0,0,0,0
2020-09-20,34,2,1,2,0,0,0,0,0,0,0,0,1,0,0,0,1,0,0,1,1,0,0,0,1,1,1,0,0,0,2,0,0,0,1,0,0,0,1,1,0,0,0,0,0,1,2,0,0,0,0,0,0,1,0,0,1,0,1,0,0,0,1,0,0,0,1,0,0,0,1,0,0,0,0,0,0,0,0,0,0,0,0,0,1,0,0,1,0,0,0,1,0,0,0,0,0,0,0,0,0
2020-09-25,24,2,2,0,0,0,1,0,1,0,0,0,1,0,1,0,0,0,0,0,0,0,0,0,0,0,0,0,0,0,0,0,0,1,0,0,0,0,0,0,0,0,0,0,0,0,0,0,0,0,0,0,1,0,0,0,0,0,1,0,0,0,1,0,0,0,0,0,0,0,1,0,0,0,0,0,0,0,0,0,0,0,0,0,0,1,0,1,0,0,1,0,0,0,0,0,0,0,0,0,0
2020-09-30,13,1,0,0,0,0,0,0,1,0,0,0,0,0,1,0,0,0,0,0,0,0,0,0,1,0,1,0,0,0,0,0,0,0,0,0,0,0,0,0,0,0,0,0,1,0,1,0,0,0,0,0,0,1,0,0,0,0,0,0,0,0,0,0,0,0,0,0,0,0,0,0,0,0,0,0,0,0,0,0,0,0,0,0,0,0,0,0,0,0,0,0,0,0,1,0,0,0,0,0,0
2020-10-05,38,0,0,0,0,3,1,0,0,0,0,0,0,0,0,0,0,0,0,0,0,0,1,1,0,0,4,0,1,0,0,0,0,1,0,1,0,0,0,0,0,0,1,0,0,0,0,0,0,1,0,0,1,1,1,0,1,0,1,1,0,0,0,1,0,0,0,0,0,0,0,0,0,0,1,1,0,0,0,0,0,1,0,0,0,0,1,0,0,0,1,0,0,0,0,0,0,1,0,1,0
2020-10-10,32,1,0,1,1,0,0,2,0,1,0,0,0,0,1,0,0,0,1,0,0,0,1,0,0,0,0,1,0,0,0,1,3,0,1,0,0,0,0,1,0,0,1,0,0,0,0,0,1,0,0,1,0,0,0,0,0,0,0,0,0,0,0,0,1,1,0,0,0,0,0,0,1,0,0,0,0,0,0,0,0,1,0,0,0,1,0,0,0,0,0,0,0,0,0,0,1,0,0,0,0
2020-10-15,56,0,0,0,1,0,0,1,2,0,0,0,0,0,1,1,0,0,1,2,1,0,2,0,0,0,0,0,1,1,0,0,1,1,0,1,0,0,2,0,1,0,2,0,0,1,0,1,0,0,0,1,1,1,0,0,0,1,2,0,0,0,0,0,0,0,0,1,1,0,0,0,0,0,1,0,0,0,0,0,1,1,1,0,0,0,1,0,0,0,0,0,1,0,0,0,0,0,1,0,0
2020-10-20,62,0,0,1,1,3,0,1,1,2,1,0,4,1,0,0,0,4,0,0,0,1,0,2,0,0,0,0,1,0,0,0,2,0,0,0,0,0,0,0,0,1,0,0,0,0,1,0,1,0,0,0,0,0,0,1,1,2,0,0,0,0,2,0,0,0,0,0,0,1,0,1,0,0,1,0,0,0,0,0,0,0,0,0,1,0,0,1,0,0,1,0,2,0,0,0,0,1,0,1,0
2020-10-25,52,0,0,0,4,0,0,1,0,1,1,0,0,1,2,0,0,3,1,0,0,1,0,0,0,1,0,0,2,0,0,0,0,0,0,0,0,1,0,0,0,0,1,0,0,0,1,0,1,0,1,0,0,0,1,3,1,0,1,0,0,0,0,0,0,0,0,0,2,1,0,0,0,1,1,0,1,1,0,0,0,0,0,0,0,0,0,0,0,0,1,0,0,0,0,0,0,1,0,0,0
2020-10-30,37,0,1,0,0,0,2,1,0,2,0,1,1,0,0,0,0,0,0,0,1,1,0,0,1,1,0,0,0,0,1,0,0,1,0,1,0,2,1,0,0,0,1,0,0,0,0,0,0,0,0,0,0,0,0,1,1,0,0,0,0,0,0,0,0,0,0,1,0,0,0,0,0,0,1,0,1,0,0,1,0,1,0,0,0,0,0,0,0,0,0,0,0,0,0,0,0,0,0,0,1
2020-11-04,44,0,1,0,0,1,0,0,1,0,0,1,1,0,2,0,1,1,0,2,0,1,0,1,1,0,0,1,0,0,0,3,0,0,0,0,1,0,0,1,0,0,0,0,0,0,0,0,0,0,2,0,1,0,0,0,2,0,0,0,0,0,0,0,0,1,0,0,0,2,0,2,0,2,0,0,0,1,0,0,0,0,0,0,1,0,0,0,0,0,0,0,0,0,0,0,0,0,0,0,2
2020-11-09,37,1,0,0,1,1,0,1,0,1,0,0,1,1,0,0,0,1,0,0,0,0,0,1,1,0,0,0,1,1,0,0,0,0,0,0,0,1,0,0,1,0,1,2,0,0,0,0,0,0,0,0,0,0,0,2,0,0,1,0,0,0,0,0,1,0,0,1,0,0,1,0,0,0,0,1,0,1,0,0,0,0,0,0,0,0,0,1,0,0,0,0,0,0,0,0,0,0,0,0,1
2020-11-14,54,1,0,1,4,0,0,1,0,0,1,0,0,1,0,0,1,0,0,0,0,1,2,0,0,0,0,0,0,1,0,0,0,0,0,0,0,3,1,0,1,0,0,1,0,2,0,0,0,0,1,1,1,0,0,2,0,0,0,0,0,0,0,1,0,0,0,0,0,0,1,1,1,1,1,0,0,1,0,0,0,0,0,0,1,0,0,0,0,2,0,0,1,0,0,0,0,1,0,0,0
2020-11-19,46,0,1,0,0,0,4,0,0,1,0,0,1,0,1,0,0,1,1,0,0,0,1,0,0,0,0,1,2,1,1,2,2,0,0,0,0,0,1,0,0,1,0,2,0,0,0,0,0,1,0,0,0,1,0,1,1,2,1,0,0,0,0,0,0,1,0,0,0,0,0,0,0,0,1,0,0,0,0,0,0,0,1,0,0,1,0,0,0,0,0,1,0,0,0,0,0,0,0,0,0
2020-11-24,55,3,1,0,1,0,2,0,0,1,1,2,2,0,0,2,0,0,0,0,0,0,1,1,0,0,0,0,0,4,1,2,0,2,0,1,1,3,0,0,0,0,2,0,1,0,0,0,0,0,0,1,0,0,0,1,1,0,0,0,0,0,0,0,0,0,1,0,1,0,0,1,0,0,2,0,0,2,0,0,0,0,0,0,1,0,0,0,0,0,0,1,0,0,0,0,0,0,0,0,0
2020-11-29,62,0,0,1,3,1,0,0,1,5,1,0,0,0,0,0,0,1,0,0,0,1,1,1,0,0,0,0,0,2,1,1,1,0,0,0,1,1,0,1,0,0,2,0,0,0,0,0,0,0,0,0,0,0,0,1,1,0,0,0,0,0,0,1,1,0,0,1,2,1,0,1,0,0,0,0,0,1,0,0,0,1,0,0,2,3,0,2,0,0,0,1,0,0,0,0,0,1,0,0,0
2020-12-04,56,0,0,1,0,3,0,0,0,0,1,0,2,1,2,0,0,2,0,2,0,0,2,2,0,2,1,0,2,2,1,1,0,0,0,0,0,0,0,1,1,0,0,1,0,0,0,0,0,0,0,0,1,0,0,1,0,0,0,0,0,1,1,1,0,1,1,1,0,0,1,1,0,0,0,0,1,0,0,0,0,0,0,0,0,0,0,0,0,0,0,1,0,0,0,0,0,0,0,0,0
2020-12-09,74,1,1,1,1,0,0,1,1,0,0,1,2,0,0,0,0,2,0,3,1,0,0,0,1,0,1,0,2,0,0,0,0,0,1,1,0,1,0,0,0,1,1,5,0,1,1,0,0,0,0,0,0,3,0,0,1,0,1,0,0,2,0,0,1,0,0,0,3,2,0,0,0,1,2,0,0,0,0,0,0,0,0,0,2,0,0,0,0,0,0,0,0,0,0,0,1,1,1,0,1
2020-12-14,59,0,0,1,0,2,0,1,0,1,0,0,2,1,1,0,0,3,0,0,0,0,0,2,0,1,0,1,2,0,0,2,1,0,0,0,0,1,0,1,0,0,1,2,0,0,0,0,0,1,0,0,1,1,1,2,0,0,0,1,1,0,0,2,1,0,1,0,0,0,0,1,0,0,2,0,1,1,0,0,0,0,0,0,0,0,0,0,0,0,0,1,0,0,0,0,0,0,0,0,0
2020-12-19,54,3,0,1,0,0,1,0,1,0,2,0,2,0,1,0,0,0,1,0,1,1,0,2,0,1,0,0,1,1,0,2,0,0,0,0,0,1,0,2,0,0,0,0,0,0,0,0,0,0,0,0,0,0,3,3,0,2,0,0,0,0,0,1,0,0,1,0,0,1,0,0,0,1,0,0,0,1,0,0,0,0,0,0,2,0,0,0,0,0,0,0,0,0,0,0,0,0,0,0,0
2020-12-24,10,0,0,0,0,2,0,0,0,0,0,0,1,0,0,0,0,0,1,0,0,0,0,1,0,0,0,0,0,0,0,1,0,0,0,0,0,0,0,0,0,1,0,0,0,0,0,0,0,0,0,0,0,0,0,0,0,0,0,0,0,0,0,1,0,0,0,0,0,0,0,0,0,0,0,0,0,0,0,0,0,0,1,0,0,0,0,0,0,0,0,0,0,0,0,0,0,0,0,0,0
2020-12-29,33,0,0,0,1,0,0,0,1,1,0,0,2,0,0,0,0,0,0,0,0,0,0,1,0,1,1,0,0,0,0,0,0,0,0,0,0,1,0,0,0,1,2,0,0,0,0,0,0,0,0,0,0,1,0,1,1,0,0,0,0,0,0,1,0,0,0,0,0,0,0,0,0,1,0,0,0,0,0,0,0,0,0,1,0,0,0,0,0,0,0,0,1,1,0,0,1,0,0,0,0
2021-01-03,60,0,0,0,2,2,2,2,0,3,1,1,0,1,2,0,1,0,3,1,0,0,0,0,1,1,0,1,3,0,0,4,1,0,0,0,0,0,0,2,0,1,0,1,0,0,0,0,0,0,0,0,1,0,1,2,1,1,0,0,0,0,0,1,0,0,1,1,1,0,0,0,0,0,0,0,0,1,0,0,0,0,0,0,0,0,0,0,0,0,0,0,0,0,0,0,0,0,0,0,1
2021-01-08,45,1,0,0,0,1,0,1,1,0,0,1,3,0,1,1,1,1,2,0,1,2,0,0,0,0,0,0,2,1,0,2,0,0,0,0,1,1,0,0,1,1,1,0,0,0,2,0,0,2,0,0,0,0,0,0,0,0,0,0,0,0,0,0,0,2,0,0,0,0,0,1,0,1,0,0,0,1,0,0,0,0,0,0,2,0,0,0,0,0,0,0,0,0,0,1,0,0,0,0,0
2021-01-13,36,0,0,1,2,1,0,1,0,0,1,1,2,0,2,0,0,2,0,0,0,1,0,0,0,0,0,0,0,0,0,0,0,0,0,0,0,0,0,0,1,0,1,0,0,1,0,0,0,1,0,1,0,0,0,1,0,0,0,0,0,2,0,0,0,1,0,0,0,1,0,0,0,1,0,0,0,0,0,0,0,0,0,0,1,0,0,0,0,0,0,0,0,0,0,0,0,0,0,0,0
2021-01-18,22,0,0,0,0,2,0,0,0,0,0,0,0,0,0,0,0,0,0,1,0,1,0,0,0,0,0,0,0,1,0,0,0,0,0,0,0,0,0,1,0,0,0,0,0,0,0,0,0,0,0,0,1,0,0,0,0,1,0,0,0,0,0,0,0,1,1,1,0,0,0,0,0,0,0,0,0,0,0,0,0,0,0,0,1,0,0,0,0,0,0,0,0,0,0,0,1,0,0,0,0
2021-01-23,24,0,0,1,2,0,1,0,0,0,0,1,0,1,0,0,1,0,0,1,0,0,0,1,1,1,0,0,0,0,0,0,0,1,0,0,0,0,0,0,0,0,0,0,0,0,0,0,1,0,0,0,1,0,0,1,0,0,0,0,0,0,0,0,0,0,0,0,1,0,0,1,0,0,0,0,0,0,0,0,0,0,0,0,0,0,0,0,0,0,0,0,0,0,0,0,0,0,0,0,0
2021-01-28,30,0,1,0,0,0,0,0,0,0,0,0,0,2,1,0,0,1,0,0,0,0,0,1,1,0,0,0,0,1,0,0,0,0,0,0,0,0,0,0,1,0,0,1,1,1,0,0,0,2,0,1,0,0,0,0,0,1,0,0,0,1,0,0,0,0,1,0,0,0,0,0,0,0,0,0,1,1,0,0,0,1,0,0,1,0,0,0,0,0,0,0,1,1,0,0,0,1,0,0,0
2021-02-02,43,0,0,0,0,2,0,1,0,2,1,1,0,1,0,0,0,2,0,0,1,0,0,0,0,1,0,0,0,0,1,1,1,0,0,0,1,0,1,0,1,0,0,2,0,0,0,0,0,0,0,0,0,0,0,1,0,0,1,0,0,0,0,0,0,0,1,2,0,1,0,1,0,0,0,0,0,1,0,0,0,0,0,0,2,0,0,1,0,0,0,0,0,0,0,0,0,1,0,0,0
2021-02-07,64,3,1,0,1,0,0,1,0,1,1,0,1,2,3,0,1,1,1,0,0,0,0,1,2,1,0,0,1,0,0,2,0,1,0,0,1,2,0,0,1,0,0,1,0,0,0,0,0,0,0,0,1,1,1,1,0,1,0,0,1,0,0,0,1,0,0,1,1,0,0,1,0,0,0,0,0,1,0,0,0,1,0,0,2,1,0,0,0,0,1,0,0,0,0,0,1,0,0,1,0
2021-02-12,38,0,1,0,0,0,0,0,0,0,0,0,0,0,1,1,0,0,1,0,1,1,0,1,0,0,0,0,0,0,0,1,1,0,0,0,0,1,0,0,0,0,1,1,0,0,0,2,0,0,0,0,0,0,1,1,1,0,0,0,0,0,0,0,0,0,0,0,0,1,0,0,0,1,0,0,0,1,0,1,0,0,0,1,2,1,0,0,0,1,0,1,0,0,0,0,0,0,0,0,0
2021-02-17,19,1,0,1,0,0,0,0,0,0,0,0,0,0,0,0,1,2,0,1,0,0,0,0,0,1,0,0,0,0,0,2,0,0,0,0,0,0,0,0,1,0,0,0,0,0,0,0,0,0,0,0,0,0,0,1,0,0,0,0,0,0,0,0,0,0,0,0,0,0,0,0,0,0,1,0,2,0,0,0,0,0,0,0,0,0,0,0,0,0,0,0,0,0,0,0,0,1,0,0,0
2021-02-22,25,1,0,0,0,0,0,0,0,0,0,0,0,0,3,0,0,1,0,1,0,0,0,0,0,0,0,0,1,0,0,0,1,0,0,0,1,0,0,0,2,0,1,1,0,0,0,0,0,0,0,0,0,1,0,0,0,0,0,0,0,0,0,0,0,0,1,0,1,0,0,0,1,0,0,0,0,0,0,0,0,0,0,0,1,0,0,0,0,0,0,0,0,0,0,0,0,0,0,0,1
2021-02-27,48,1,1,0,0,1,0,1,1,1,1,0,3,1,0,0,0,1,0,0,0,0,2,1,0,0,0,0,1,0,1,0,0,1,0,0,0,0,0,1,2,0,1,2,0,0,1,0,0,0,0,0,3,1,0,2,0,0,0,0,0,0,0,1,0,0,0,1,0,0,0,1,0,0,0,1,1,0,0,0,0,0,1,0,2,0,0,0,0,0,0,0,0,0,0,1,0,0,0,0,1
2021-03-04,40,0,1,1,1,1,0,0,1,1,0,0,1,0,0,0,0,0,1,0,0,1,1,0,0,1,0,0,2,0,0,1,0,0,0,0,0,1,0,0,0,0,2,1,1,0,1,0,0,0,0,0,2,0,1,0,0,2,1,0,0,0,0,0,0,0,1,0,0,0,0,0,0,2,0,0,1,0,0,0,0,0,0,0,0,0,0,1,0,0,0,0,0,0,0,1,0,0,0,0,0
2021-03-09,27,0,0,0,1,1,0,1,0,2,0,0,0,1,1,0,0,0,1,1,0,0,0,0,0,0,0,0,1,0,0,1,0,0,0,0,1,2,0,0,0,0,1,2,0,0,1,0,0,0,0,0,1,0,0,0,0,0,0,0,0,0,0,0,0,0,0,0,0,0,0,0,1,0,0,0,0,0,0,0,0,0,0,0,0,0,0,1,0,0,0,0,0,0,0,0,0,0,0,0,0
2021-03-14,42,2,0,0,0,1,0,3,1,1,0,1,0,0,0,0,1,0,0,0,1,0,1,2,0,1,0,1,2,1,0,0,1,0,0,0,0,1,0,1,0,0,0,2,1,0,0,0,0,0,0,1,1,0,0,1,0,0,0,0,0,1,0,1,0,1,0,0,0,0,1,0,0,0,0,0,0,0,0,0,0,0,0,0,0,0,0,0,0,1,0,0,2,0,0,0,0,0,1,0,0
2021-03-19,40,0,0,0,2,2,0,0,0,0,0,1,1,1,1,0,0,2,0,2,1,0,0,0,1,1,1,0,1,1,0,1,1,0,0,1,1,1,0,0,0,0,1,0,0,0,0,0,0,0,0,0,0,0,0,2,0,0,1,0,0,0,0,0,0,0,0,0,1,0,0,0,1,0,0,0,1,0,0,0,0,1,0,0,0,0,0,0,0,1,1,0,0,0,1,1,0,0,0,0,0
2021-03-24,38,1,0,1,1,0,0,0,1,0,1,0,1,0,0,0,0,1,0,0,2,1,0,1,0,0,0,0,1,1,0,0,1,0,0,0,2,1,0,0,0,0,0,0,0,0,1,0,0,1,0,0,1,0,0,0,0,0,0,0,0,0,0,0,0,0,0,1,0,1,0,1,0,2,1,0,0,2,0,0,0,0,0,0,0,0,0,0,0,0,0,0,0,0,1,0,0,0,0,0,0
2021-03-29,62,2,0,0,2,3,1,0,0,3,0,1,3,0,0,0,0,1,0,0,0,2,1,0,1,2,0,0,2,1,2,2,0,0,0,0,1,0,0,0,1,0,0,2,1,1,0,0,0,1,0,0,0,0,0,0,1,0,0,0,0,0,0,0,1,0,0,1,0,0,1,2,1,0,0,1,0,0,0,0,0,0,0,0,1,2,1,0,0,0,0,0,0,0,0,0,0,1,0,0,0
2021-04-03,35,1,0,1,0,0,0,1,2,1,0,0,0,0,1,0,0,0,0,2,0,0,0,1,0,1,0,0,1,0,0,1,1,0,0,0,0,1,0,1,1,2,1,0,0,0,0,0,0,0,0,0,0,1,0,0,0,0,0,0,0,0,0,0,0,0,0,1,2,0,0,0,0,0,1,0,0,0,0,0,0,0,0,0,0,0,0,0,0,0,1,0,0,0,0,0,0,0,0,0,0
2021-04-08,39,0,0,0,0,2,0,0,0,1,0,1,2,0,1,1,0,1,0,0,1,1,0,1,0,0,0,0,2,0,2,1,1,0,0,0,1,0,0,1,0,1,0,1,0,1,1,0,0,0,0,1,1,0,0,0,0,0,1,0,0,0,0,0,0,0,0,0,0,0,0,0,0,0,0,0,0,0,0,0,0,0,0,0,1,1,0,0,0,0,0,0,0,0,1,0,0,0,0,0,0
2021-04-13,60,1,1,0,2,0,1,0,0,0,1,0,1,0,0,0,1,1,0,0,0,0,0,0,0,1,0,2,0,3,2,2,0,0,0,0,1,1,0,0,0,2,1,1,0,0,1,0,0,0,0,0,2,0,1,2,0,0,0,0,0,0,0,0,1,1,2,1,1,0,0,1,1,2,0,1,1,2,0,1,0,0,0,0,1,0,0,0,0,0,0,0,0,0,1,0,0,1,1,1,1
2021-04-18,37,0,0,0,1,1,0,0,0,0,1,0,1,0,0,0,0,2,0,0,0,0,1,0,1,0,0,0,0,2,0,1,1,0,0,0,0,0,0,0,0,0,2,1,0,0,0,0,0,0,0,0,1,0,0,1,0,0,2,0,0,0,1,1,1,0,0,0,1,1,0,0,0,1,0,0,0,0,0,0,0,2,0,0,0,0,0,0,0,0,1,0,0,0,0,0,0,0,0,0,0
2021-04-23,38,0,1,0,1,0,1,0,1,0,1,1,0,0,0,1,1,2,1,0,0,0,0,0,0,0,0,1,1,1,0,0,0,0,0,0,0,0,0,0,0,0,2,0,0,0,1,0,1,0,0,1,3,0,0,0,0,0,0,0,0,0,0,0,0,0,0,2,0,1,0,0,0,0,0,0,0,0,0,0,0,0,0,0,1,1,0,1,0,0,1,0,0,0,0,0,0,0,0,0,0
2021-04-28,25,1,0,0,1,0,0,0,0,0,1,0,0,0,0,0,0,0,0,0,0,0,0,1,0,0,0,0,1,0,0,0,0,0,0,0,0,0,0,0,1,0,0,1,0,0,0,0,0,0,0,0,1,0,0,0,0,0,0,0,0,0,1,0,0,0,0,1,1,0,1,0,0,0,0,1,0,1,0,0,1,0,0,0,2,0,0,0,0,0,0,0,0,0,0,0,0,0,1,0,0
2021-05-03,50,1,0,1,1,2,0,1,0,0,2,0,0,0,0,1,0,0,1,0,0,1,3,0,0,0,0,0,1,0,0,1,0,0,0,0,1,0,0,1,0,1,1,2,0,1,2,0,0,0,0,1,0,0,1,2,0,1,0,0,0,1,0,0,0,0,0,0,0,2,0,0,0,0,0,0,0,1,0,0,0,0,0,0,1,1,0,0,0,0,0,1,0,0,0,0,0,0,0,1,0
2021-05-08,51,1,1,0,0,1,1,0,0,0,2,2,2,2,0,0,0,1,0,0,0,0,0,2,0,3,0,2,1,1,1,0,0,0,0,0,1,1,0,0,0,0,1,1,1,0,0,0,0,1,0,0,0,0,2,1,0,0,0,0,0,0,0,2,0,0,0,0,0,0,0,0,0,2,0,0,0,1,0,0,0,0,0,0,1,2,0,0,0,0,0,0,0,0,0,0,0,0,0,0,0
2021-05-13,34,0,1,0,1,0,0,0,1,1,0,0,1,1,0,1,0,0,1,1,0,1,0,0,0,0,0,0,0,0,0,0,0,1,0,0,0,1,0,0,0,1,0,1,0,0,1,0,0,0,0,0,2,1,0,0,0,0,0,0,0,0,0,1,0,0,1,0,0,1,0,0,1,0,0,0,0,1,0,0,0,0,1,0,0,0,0,0,0,0,0,0,0,0,0,0,1,0,0,0,0
2021-05-18,50,2,0,1,2,0,0,0,0,1,0,3,1,0,0,1,0,1,0,1,0,0,0,0,0,1,0,0,2,1,1,0,0,0,0,0,0,0,0,0,0,0,0,2,1,0,0,0,0,0,0,0,0,0,0,0,0,1,0,0,0,0,0,1,1,0,1,1,0,0,0,0,1,1,0,0,0,5,0,0,0,0,0,0,1,0,0,0,0,0,0,0,0,0,0,1,0,0,0,0,1
2021-05-23,42,0,0,1,1,1,2,1,0,2,0,1,0,0,2,0,2,4,0,0,0,1,0,2,0,1,0,0,1,0,1,0,1,1,0,0,1,0,0,0,0,1,0,0,1,0,0,0,0,0,1,0,0,0,0,0,0,2,0,0,0,0,0,0,0,0,1,0,0,0,0,0,1,0,0,0,1,0,0,0,0,1,0,0,0,0,0,0,0,0,0,0,0,0,0,0,0,0,0,0,0
2021-05-28,48,0,1,0,1,0,1,0,0,2,0,0,0,0,0,0,1,0,0,2,0,0,0,1,1,1,0,1,2,0,1,1,0,0,0,1,1,1,0,1,0,0,1,2,1,2,0,0,0,0,0,1,0,2,0,0,0,0,0,0,0,0,0,0,0,0,0,0,0,0,0,0,0,0,1,0,0,1,0,0,0,0,0,0,3,0,0,0,0,0,0,0,0,0,0,0,0,0,0,0,0
2021-06-02,43,1,0,1,1,2,1,1,0,1,1,0,3,0,1,0,0,1,0,1,0,0,1,1,0,0,0,0,3,0,0,1,0,0,0,0,0,0,0,0,0,0,1,1,1,1,0,0,0,0,0,0,0,0,0,1,0,0,1,0,0,0,0,0,0,0,0,1,0,1,0,0,0,0,2,0,0,0,0,0,0,0,2,0,1,0,0,0,0,0,0,0,0,1,0,0,0,0,0,0,0
2021-06-07,50,3,1,1,0,2,0,0,0,1,0,0,1,1,0,1,1,1,1,0,0,0,1,0,0,1,0,0,2,0,0,0,0,0,0,0,0,0,0,0,0,1,0,1,0,1,1,0,0,0,0,0,0,2,0,0,1,0,1,0,0,0,1,0,0,0,0,0,0,1,0,0,0,1,1,1,0,0,0,0,0,0,0,0,0,0,0,1,0,0,1,1,0,0,0,1,0,1,0,1,1
2021-06-12,62,0,0,1,5,2,0,0,0,1,0,0,1,1,2,0,2,1,1,0,0,2,0,1,2,0,0,1,1,0,1,0,2,0,0,0,0,3,0,0,0,0,1,0,0,2,1,0,0,0,0,0,0,0,0,4,1,0,1,0,0,0,0,0,0,0,0,1,0,0,0,1,0,0,1,0,0,0,0,0,0,0,0,0,1,0,0,0,0,1,0,1,0,0,0,0,2,1,1,0,0
2021-06-17,56,1,0,1,0,0,0,1,0,1,0,0,1,0,0,1,1,0,0,1,0,1,2,0,0,0,0,1,0,1,0,3,2,1,0,0,0,0,1,0,1,0,1,1,0,0,1,0,0,0,1,1,1,0,0,1,1,0,0,0,0,0,0,1,0,0,1,1,0,1,0,0,0,0,0,0,0,3,0,1,0,0,1,0,2,0,0,0,0,1,0,1,0,0,1,0,0,1,0,0,0
2021-06-22,43,2,0,0,2,0,0,0,1,0,1,0,3,0,0,1,0,2,1,2,1,0,0,0,0,0,1,0,2,0,0,0,0,0,0,0,0,0,0,0,0,0,1,1,1,0,0,0,0,0,1,1,0,1,0,0,0,0,0,0,0,0,0,0,0,0,0,0,1,0,0,1,0,1,0,0,0,2,0,0,0,0,0,0,0,2,0,0,0,0,0,0,0,1,0,0,0,0,0,0,0
2021-06-27,40,0,1,2,2,1,0,1,1,0,0,0,0,0,2,0,0,0,0,1,0,1,0,0,2,0,0,0,0,2,0,1,0,0,0,0,0,1,0,0,0,0,1,1,0,0,1,0,0,0,0,1,0,0,0,3,0,0,0,0,0,0,0,0,1,0,0,0,1,0,0,0,0,0,0,0,0,1,0,0,0,0,0,0,2,0,0,0,0,0,0,0,0,0,0,1,0,0,0,0,0
2021-07-02,34,0,0,1,0,0,0,0,0,1,0,0,0,0,1,1,1,0,1,1,0,0,1,1,0,0,0,0,0,0,0,0,0,0,0,1,0,1,0,0,1,0,0,2,0,0,0,0,0,0,0,0,0,0,0,1,0,0,1,0,0,0,0,0,1,0,0,0,0,0,0,0,0,1,0,0,0,1,0,0,0,0,0,0,0,1,0,0,0,0,0,0,0,0,0,0,1,1,0,1,0
2021-07-07,53,0,0,0,2,0,1,1,1,2,0,0,1,0,1,1,0,0,0,1,1,0,1,1,1,0,0,0,0,0,1,1,0,1,0,0,0,0,0,0,0,1,0,4,0,0,0,0,0,1,0,2,1,2,0,1,0,0,0,0,0,0,0,0,0,0,0,0,1,0,0,0,0,0,1,0,0,2,0,0,0,0,0,0,1,0,0,0,0,1,0,0,1,0,0,0,1,1,0,0,0
2021-07-12,71,0,1,0,1,0,0,0,0,5,0,1,1,0,2,0,0,3,0,1,0,1,0,3,1,2,0,0,1,0,1,3,1,0,0,0,1,1,1,0,0,0,3,2,0,1,2,0,0,0,0,1,1,0,0,2,0,2,1,0,0,0,0,0,1,0,0,0,0,1,0,0,0,1,0,1,0,0,0,0,0,1,0,1,0,0,0,0,0,1,0,0,1,0,0,0,1,0,0,0,1
2021-07-17,49,0,0,0,1,1,0,0,1,0,1,0,1,0,0,0,1,1,1,0,0,0,1,0,0,0,0,0,1,0,0,1,0,1,0,1,2,1,0,2,1,0,2,1,1,0,0,0,0,1,0,0,0,1,0,0,0,0,0,0,0,0,2,1,0,1,0,0,2,0,1,1,0,1,0,0,0,1,0,0,0,0,0,0,2,0,0,1,0,0,0,0,0,0,0,0,0,1,0,0,0
2021-07-22,49,0,0,0,0,0,0,0,1,1,1,1,1,1,1,0,0,0,0,0,0,0,0,2,1,0,0,0,1,1,0,1,1,0,0,0,1,1,0,1,0,0,0,1,0,0,0,0,0,0,0,0,2,0,0,2,0,1,0,0,0,0,0,0,0,0,0,1,0,0,0,0,0,0,1,0,0,2,0,0,0,0,0,0,1,0,0,0,0,0,0,0,3,1,0,0,1,0,0,0,0
2021-07-27,41,1,0,0,2,2,0,0,1,2,0,0,2,0,0,0,0,2,0,0,0,0,0,0,0,0,0,0,1,0,0,1,0,0,0,0,2,0,1,0,0,0,0,1,1,0,1,0,0,0,1,0,1,0,0,0,0,2,0,0,0,0,0,1,0,0,0,0,0,0,0,0,0,0,1,0,0,1,0,0,0,0,1,0,1,2,0,0,0,0,1,0,0,0,0,0,0,1,0,0,0
2021-08-01,54,1,1,0,3,0,0,0,2,0,0,0,1,0,0,1,1,1,1,0,0,0,1,2,0,0,0,0,1,0,0,1,2,0,0,0,0,2,0,0,0,1,1,0,2,0,0,0,0,0,0,0,1,0,0,1,1,2,0,0,0,1,1,0,0,0,1,1,0,0,0,0,0,0,2,0,0,0,0,0,1,0,0,0,0,1,0,0,0,0,0,0,1,0,1,0,1,1,0,1,0
2021-08-06,67,0,2,0,5,2,0,0,2,1,0,0,0,0,1,0,2,3,0,1,0,1,1,1,1,0,1,0,2,0,0,3,1,1,0,0,0,0,0,0,0,1,1,3,0,2,1,0,0,0,0,0,0,0,0,2,0,0,1,0,0,0,0,1,0,1,0,0,0,0,0,0,0,1,0,0,1,1,0,0,0,0,0,0,0,0,0,0,0,0,0,0,0,0,0,1,0,2,0,0,1
2021-08-11,56,2,2,0,1,1,1,0,0,0,0,0,2,2,0,1,0,0,0,1,1,0,0,2,1,2,0,1,1,0,1,0,3,0,0,0,0,3,0,0,1,1,0,0,0,1,0,0,1,1,1,0,1,0,0,1,0,2,0,1,0,1,0,3,0,1,1,0,1,0,0,0,0,0,0,0,0,1,0,0,0,0,0,0,0,0,0,0,0,1,0,0,0,0,1,0,0,0,0,0,0
2021-08-16,60,2,0,0,0,2,0,1,2,1,0,0,0,0,0,1,1,0,1,0,0,0,0,0,1,0,1,0,0,0,1,2,1,0,0,0,3,0,1,0,1,0,0,1,0,1,0,0,0,0,0,1,2,0,1,1,0,0,0,0,0,0,0,0,0,1,0,0,0,0,1,1,1,1,0,0,1,0,0,0,0,0,1,0,2,0,0,1,0,0,1,2,0,1,0,0,0,0,0,0,0
2021-08-21,59,0,0,1,0,1,0,1,0,2,0,3,1,0,0,0,1,0,1,0,0,0,0,1,1,2,0,0,0,1,0,0,2,0,0,0,0,2,0,0,0,0,3,3,0,0,1,0,1,0,0,0,1,0,0,1,0,0,0,0,0,0,0,1,0,0,1,1,3,0,0,0,0,2,0,0,0,2,0,0,0,0,0,0,0,0,0,1,0,1,0,0,0,0,0,0,0,1,0,0,0
2021-08-26,48,0,2,0,0,1,0,0,1,0,1,1,2,0,0,0,0,0,0,0,0,1,2,0,0,0,0,1,1,0,0,1,0,0,0,0,1,2,0,1,0,0,1,1,1,0,1,0,0,0,1,0,0,0,0,2,0,0,0,0,0,0,0,1,0,0,0,0,0,1,0,0,0,1,2,0,0,1,0,0,0,0,0,0,1,1,0,0,0,0,1,0,0,1,0,0,1,0,0,0,0
2021-08-31,66,0,3,0,1,3,1,0,2,3,0,1,5,0,0,2,0,1,1,1,1,0,0,0,1,3,1,0,0,1,1,0,0,1,0,0,1,2,1,0,0,0,0,3,0,0,0,0,0,0,0,1,0,0,1,1,0,0,0,0,0,1,0,1,0,1,0,0,0,1,0,0,0,0,3,1,0,0,0,0,0,0,0,0,0,2,0,1,0,0,0,0,0,0,0,0,0,0,0,0,2
2021-09-05,54,0,0,1,1,0,0,0,1,2,0,1,2,0,3,0,0,1,1,0,0,1,0,1,1,1,0,0,1,2,1,0,0,1,0,0,0,0,0,0,2,0,0,1,0,0,2,0,0,0,0,0,1,2,0,2,0,1,0,0,0,0,0,0,0,0,0,0,0,0,0,2,0,1,1,0,0,2,0,1,0,0,0,0,0,0,0,0,0,0,0,0,0,1,0,0,1,2,0,0,0
2021-09-10,53,0,0,0,2,1,0,0,0,3,0,0,0,1,0,0,0,0,0,1,0,2,0,1,0,2,0,0,0,0,1,2,0,2,0,0,1,1,0,0,0,1,1,1,0,0,0,0,0,0,1,0,1,1,0,1,0,0,1,0,0,0,0,0,0,1,0,1,1,1,0,0,0,0,1,0,0,0,0,1,0,0,1,0,0,0,0,0,0,0,0,0,0,0,2,0,0,0,0,0,0
2021-09-15,55,0,0,2,1,2,0,0,0,0,0,0,0,0,1,0,2,0,0,0,2,2,0,1,0,0,0,0,2,0,1,3,1,0,0,0,1,2,0,0,0,1,2,4,0,0,0,0,0,2,0,0,1,0,0,1,0,0,0,0,0,0,0,0,0,2,1,1,0,0,0,1,0,0,0,0,0,1,0,0,0,0,0,1,0,0,0,0,0,0,0,0,0,0,0,0,0,1,0,0,0
2021-09-20,69,1,1,2,0,2,0,0,2,2,1,0,0,0,0,0,1,0,2,0,0,0,0,1,1,0,0,0,4,2,0,3,0,1,0,0,0,2,0,0,1,1,0,1,0,0,0,0,0,2,0,0,2,0,1,1,1,1,0,0,0,0,0,0,0,1,0,1,1,0,0,2,0,0,0,1,0,3,0,0,0,0,0,0,2,2,0,0,0,0,0,0,1,0,0,0,0,1,0,0,0
2021-09-25,51,0,1,0,3,1,0,1,3,1,0,0,2,0,0,1,0,1,0,2,1,0,0,0,0,0,0,0,2,0,0,2,0,0,0,0,0,1,0,0,0,0,0,3,0,1,1,0,0,0,0,0,0,0,0,0,1,1,0,0,0,1,0,0,0,0,1,1,0,1,0,0,0,1,0,0,0,0,0,0,0,0,0,0,1,1,0,1,0,0,0,0,0,0,0,0,0,0,0,0,0
2021-09-30,51,1,0,2,2,0,2,0,0,0,0,0,2,0,1,0,1,3,0,0,0,0,1,0,0,1,0,0,1,0,0,0,2,1,0,0,1,0,0,0,0,0,2,1,0,0,0,0,0,1,0,0,1,2,0,1,2,0,2,1,0,0,0,0,0,0,0,0,0,1,0,0,1,0,0,1,0,0,0,0,0,1,0,0,2,0,0,0,0,0,0,0,0,0,0,0,0,0,0,0,0
2021-10-05,51,2,1,0,1,1,0,1,2,0,0,0,0,0,0,1,1,2,0,0,0,0,1,0,0,0,1,0,2,1,0,0,0,1,0,1,1,1,0,0,0,0,1,1,0,0,0,0,0,0,0,1,1,1,0,0,0,2,1,0,0,0,0,0,1,2,0,0,0,0,0,1,0,0,0,0,0,1,0,0,0,0,0,0,0,0,0,1,0,0,1,0,1,0,1,0,0,0,0,0,0
2021-10-10,59,1,1,1,2,2,0,1,0,0,0,0,1,1,0,0,0,2,0,2,1,0,0,2,1,1,0,1,3,0,1,1,0,0,0,0,0,1,0,0,0,0,3,1,2,0,0,0,0,0,0,0,1,1,0,1,0,0,0,1,0,0,0,1,0,0,1,0,0,0,1,1,0,1,0,0,0,0,0,0,0,0,1,0,1,0,0,1,0,0,0,0,1,0,0,0,0,0,0,0,2
2021-10-15,67,0,1,2,1,0,1,0,0,0,2,0,1,0,0,0,1,0,1,1,1,2,0,1,1,0,0,1,2,2,0,2,2,1,0,0,0,1,0,1,2,0,1,3,1,1,0,0,0,1,0,1,0,0,0,1,0,0,0,1,0,0,0,2,0,2,1,1,0,1,0,1,0,0,2,0,1,0,0,0,1,0,0,1,2,1,0,1,0,0,0,1,1,0,0,0,0,0,0,0,0
2021-10-20,48,0,1,3,0,0,0,0,0,0,1,2,0,0,0,0,0,0,1,0,0,1,1,0,0,0,0,0,2,2,0,1,0,0,0,0,0,3,0,0,1,0,1,1,1,0,0,0,0,0,0,0,1,2,0,0,0,0,0,1,0,0,0,0,1,0,0,1,0,1,0,1,2,1,0,0,0,0,0,0,0,0,0,0,0,0,0,0,0,0,0,0,1,0,0,0,2,0,0,0,1
2021-10-25,64,1,1,0,2,0,0,0,0,1,1,0,2,0,0,2,5,0,0,1,1,0,0,2,1,0,0,1,2,0,0,1,1,0,0,0,0,1,0,1,0,0,0,1,0,0,1,0,0,1,0,0,2,0,0,0,0,0,0,0,0,0,0,0,0,0,2,1,0,1,0,0,1,3,0,1,0,0,0,0,0,0,0,0,0,0,0,0,0,0,0,0,0,0,1,0,0,1,0,0,0
2021-10-30,27,0,0,2,2,0,0,0,0,1,0,2,0,0,0,0,2,0,0,0,0,0,0,0,0,0,0,0,1,0,0,0,0,0,0,0,0,0,0,0,0,0,0,0,0,0,0,0,0,0,0,0,0,1,0,0,0,0,0,0,0,0,0,0,0,0,1,0,1,0,0,0,1,1,1,0,1,0,0,0,2,1,0,0,0,0,0,0,0,0,0,1,0,0,0,0,0,0,0,0,0
